,acc_x,acc_y,acc_z,acc_label,gyr_x,gyr_y,gyr_z,light_lux,lin_acc_x,lin_acc_y,lin_acc_z,loc_Latitude (°),loc_Longitude (°),loc_height,loc_speed,loc_Direction (°),loc_horizontal_accuracy,loc_vertical_accuracy,mang_Magnetic field x (µT),mang_Magnetic field y (µT),mang_Magnetic field z (µT)
2023-06-07 15:08:16.077333,-0.7224038821150438,0.014499209590040247,8.779187643193815,hammocking,-0.017260423662647562,0.005595735530102698,0.012638826260152187,37570.26144460001,-0.011269373602751074,-0.0188005408307577,0.05575876045930861,52.37716785381818,4.878046220727273,21.24070349370909,0.0,0.0,23.220556069036366,12.074623615454545,-12.18732621054743,-20.939090050012425,-40.18726664931366
2023-06-07 15:09:16.077333,-2.0642728323207886,-2.682773004532226,9.314717582749926,hammocking,-0.0024413030353180954,-0.0034087759291368783,9.005029786978828e-07,47700.95525286667,-0.029497909257131652,-0.013012383584868914,0.09080085027614673,52.37719110666666,4.878033288571428,19.747457323928575,0.0,0.0,34.61330363857142,17.961666334285717,-9.811176773621666,-6.280167447349253,-51.17450328385333
2023-06-07 15:10:16.077333,-2.1331222258577647,-2.6671939604443846,9.290395701251759,hammocking,-0.003493175739828427,-0.0037284759693366034,-0.00018573637934886643,40072.75895755556,-0.02996886990652693,-0.007135372994239493,0.09237828656400947,52.37720179349999,4.8780047255,17.477439165249997,0.0,0.0,39.139121915000004,20.290230988599998,-9.590814281960334,-6.0390547813200595,-51.019835775355006
2023-06-07 15:11:16.077333,-2.203153144522132,-2.884024273424663,9.211176797980178,hammocking,-0.004479695940581031,-0.0034154617167865674,0.0003452751120495074,31465.34314992222,-0.030950418913206604,-0.008005949359031303,0.11627091533160674,52.377201234666664,4.878014167666667,17.88323152166667,0.0,0.0,36.88834514633333,20.05204097383334,-9.781894742372499,-3.8346388608189095,-50.66071048864667
2023-06-07 15:12:16.077333,-2.438269629058696,-2.611887027018683,9.225827809724905,hammocking,-0.004908811158326303,-0.003735680735440221,-0.00032184195919195027,27578.60628852222,-0.04691044639867876,-0.02622076247783205,0.11613200231761737,52.377201583666654,4.8780179635,18.0983048155,0.0,0.0,35.79106763183333,19.862677939666664,-9.180522188849666,-4.5142378117913475,-50.88896433003166
2023-06-07 15:13:16.077333,-2.44264654751899,-2.6846884825135082,9.216823012373336,hammocking,0.005505250594626608,-0.01000668374342573,-0.00139785772260887,21993.954101623378,-0.016634326936066986,0.02707663657778493,0.15077220417680615,52.377200941,4.878012442,18.361760988999997,0.0,0.0,26.883078766,13.20122423,-8.736387761482959,-3.4039662335169036,-51.100548373739045
2023-06-07 15:14:16.077333,,,,,,,,,,,,,,,,,,,,,
2023-06-07 15:15:16.077333,,,,,,,,,,,,,,,,,,,,,
2023-06-07 15:16:16.077333,,,,,,,,,,,,,,,,,,,,,
2023-06-07 15:17:16.077333,,,,,,,,,,,,,,,,,,,,,
2023-06-07 15:18:16.077333,,,,,,,,,,,,,,,,,,,,,
2023-06-07 15:19:16.077333,,,,,,,,,,,,,,,,,,,,,
2023-06-07 15:20:16.077333,,,,,,,,,,,,,,,,,,,,,
2023-06-07 15:21:16.077333,,,,,,,,,,,,,,,,,,,,,
2023-06-07 15:22:16.077333,,,,,,,,,,,,,,,,,,,,,
2023-06-07 15:23:16.077333,,,,,,,,,,,,,,,,,,,,,
2023-06-07 15:24:16.077333,,,,,,,,,,,,,,,,,,,,,
2023-06-07 15:25:16.077333,,,,,,,,,,,,,,,,,,,,,
2023-06-07 15:26:16.077333,,,,,,,,,,,,,,,,,,,,,
2023-06-07 15:27:16.077333,,,,,,,,,,,,,,,,,,,,,
2023-06-07 15:28:16.077333,-2.4372304662092446,7.617978304830934,2.6078103310901106,walking,-0.18404770656123484,0.4779721011535139,0.2511544336947259,206.78771196702584,0.22350936594613743,0.11966878729249458,-0.12978380547161367,52.3772402,4.8776992,1.838910941,0.0,0.0,14.84599972,1.0,13.628823334820533,-41.31234865509713,-8.472812358650161
2023-06-07 15:29:16.077333,-2.165235806445662,8.01910277668158,2.348745785917818,walking,-0.04519060619190603,0.0852894251049922,0.029373571989078678,8361.705833431808,0.034327103251604305,0.09020350853726145,-0.07308911049980822,52.377408492499995,4.877868864772727,10.505546994636365,0.44386362895000003,42.4363637375,10.617378343295455,9.049087015136363,3.0840515684294125,-36.18152441363466,0.28508764806680487
2023-06-07 15:30:16.077333,-1.8783833441859115,9.507714202389591,0.7141348496246746,walking,-0.05301684797884575,0.002049022345633198,-0.00874087881515825,3958.390735412222,-0.07263088462248672,0.09617790876974829,-0.16775231783580757,52.377695929333335,4.878701773333333,14.280236750499999,1.3559999973,65.02333328509998,6.735652426816666,6.64874707855,-7.505311763086744,-39.55825524094617,4.497464847763894
2023-06-07 15:31:16.077333,-2.092222520041986,9.369085774402444,0.21710426632274632,walking,-0.029674757885048066,0.01058264874320284,-0.005633433572936043,6192.417470304445,-0.0695461335142623,0.039243749927347506,-0.1523781448110373,52.37810509116667,4.879433040666667,8.917962164366667,1.449666657076667,72.35166685573333,12.9109403925,6.615160719633333,-11.103471912287345,-39.87843811703333,-6.0744469808573545
2023-06-07 15:32:16.077333,-2.363043956951669,9.331753974894156,0.55916895573677,walking,-0.026653677535077722,-0.012985486982544727,-0.011724052854030664,7699.206307616666,-0.10347833243057226,0.030529092894985434,-0.15546027829589268,52.37881809816667,4.8798094674999986,3.9109837792495,1.4856666654366666,126.57666720901668,13.360475221999998,7.488044897766667,-12.033205432029915,-40.19648603317167,-7.426979624443731
2023-06-07 15:33:16.077333,-3.0037114942281518,9.022410204020153,0.8395877145906055,walking,-0.026341320642077466,-0.016575950425612964,-0.010045322751830345,6154.696962627777,-0.06408247472672465,0.05427360328666735,-0.18021544581047144,52.37952004983334,4.880247777833334,13.986943184500001,1.3646666656083335,54.29999990446667,12.008971898166667,6.741925390566665,-8.40670263843385,-39.084035117123335,-6.249254673902119
2023-06-07 15:34:16.077333,-3.29065477157646,9.050171073549258,0.5687314895002211,walking,-0.028210201403060107,-0.014151526968877184,-0.004016059792927095,5658.978018794453,-0.08443505831953602,0.019300198647647347,-0.18506058533354677,52.38010227390245,4.880586429999999,12.98588791682927,1.5731707243658537,114.30731725482441,12.899958447317076,6.3943511218048785,-6.141342665915727,-42.287698836146696,-5.8171269314281835
2023-06-07 15:35:16.077333,,,,,,,,,,,,,,,,,,,,,
2023-06-07 15:36:16.077333,,,,,,,,,,,,,,,,,,,,,
2023-06-07 15:37:16.077333,,,,,,,,,,,,,,,,,,,,,
2023-06-07 15:38:16.077333,,,,,,,,,,,,,,,,,,,,,
2023-06-07 15:39:16.077333,,,,,,,,,,,,,,,,,,,,,
2023-06-07 15:40:16.077333,,,,,,,,,,,,,,,,,,,,,
2023-06-07 15:41:16.077333,,,,,,,,,,,,,,,,,,,,,
2023-06-07 15:42:16.077333,,,,,,,,,,,,,,,,,,,,,
2023-06-07 15:43:16.077333,,,,,,,,,,,,,,,,,,,,,
2023-06-07 15:44:16.077333,,,,,,,,,,,,,,,,,,,,,
2023-06-07 15:45:16.077333,-2.996485062106668,9.186387627706246,0.5768900231844973,walking,-0.028423189178195023,-0.029640176367385484,-0.025468195122042517,3443.814258175758,-0.06482207259427354,0.07671406357482843,-0.21210805733495075,52.38510775961538,4.883292733076923,-8.618420999703847,1.2673076849961538,80.98076948277692,9.872766898076922,13.066567640846156,-6.036353476864875,-41.59978100685503,-9.883918232877525
2023-06-07 15:46:16.077333,-3.3466845783763826,9.081287671990058,0.5833318020664848,walking,-0.03299053878149502,-0.014781084396123327,-0.006735443276243287,1496.2361031612224,-0.10962766119807044,0.15148521331376338,-0.2842499492630811,52.38555843183334,4.883941750666667,12.864978639733332,1.7229999949366666,115.41333275756669,24.584362689383333,9.097515845016668,-2.1558294262733493,-42.73934011423834,-9.855820640645279
2023-06-07 15:47:16.077333,-3.6578124755675683,8.964358881266612,0.42643320339490903,walking,-0.022452275215861864,-0.042986272221076406,0.007223808750540372,8845.953578132223,-0.07420198069687176,0.20156038409900398,-0.37055220732875427,52.386166386666666,4.883839634666668,9.14162695616667,1.3321666648133332,179.8450002348167,12.529516156833335,7.417186721216668,3.3320375080821667,-31.620347735532757,-12.249962837080908
2023-06-07 15:48:16.077333,-3.953401105149971,8.865426559356967,0.08693067800403495,walking,-0.018089891809569447,-0.06567093723072942,-0.018964712328361742,4010.119361294,-0.1258613021133145,0.2284355018300485,-0.3828026294015293,52.3863315845,4.884303010666668,9.959101838,1.2880000005433334,153.13833351833333,11.761803213983336,7.171178627133332,19.46417038812372,-29.302884602086667,12.734190982584837
2023-06-07 15:49:16.077333,-4.042090688568211,8.82673033617372,0.12339640967053578,walking,-0.04212253016266072,-0.029588693126780582,-0.007958257071991949,2306.8988398613888,-0.1540678110007191,0.22500762447595848,-0.42640753427626016,52.38572681649999,4.884107490666667,15.828192126499998,1.2216666698516667,189.65666669283334,38.55550241383333,15.804912861550001,28.662949867442066,-30.654561209170048,10.215177739987844
2023-06-07 15:50:16.077333,-3.964643539911368,8.860392561683014,0.184631552664443,walking,-0.04848336730911592,-0.029075897491351713,0.004414872134352458,2008.2762038298094,-0.13335172141247018,0.22072648929133612,-0.4448619701343751,52.385209905806455,4.883550369677419,14.209445448064516,1.3703225715709675,199.14193676451612,11.787868776129033,9.976638886645164,28.146970383910563,-28.248923385522364,11.258100196512208
2023-06-07 15:51:16.077333,,,,,,,,,,,,,,,,,,,,,
2023-06-07 15:52:16.077333,,,,,,,,,,,,,,,,,,,,,
2023-06-07 15:53:16.077333,,,,,,,,,,,,,,,,,,,,,
2023-06-07 15:54:16.077333,,,,,,,,,,,,,,,,,,,,,
2023-06-07 15:55:16.077333,-0.23291518448971282,9.397315188069562,2.0405573159080186,running,0.08772731350346495,0.0670079369715213,0.03390713670082814,7133.915563855721,0.043283777023287166,0.37001112585663254,-1.4469804721538546,52.38591667884615,4.88122191576923,5.583383409473077,2.2834615432692305,205.68461587761539,5.775670289576923,4.713820695730768,-4.052671702383788,-31.270747763729112,-22.661255031109846
2023-06-07 15:56:16.077333,-0.7182943673270468,9.454299253083029,1.124295628112748,running,0.11530734256123608,0.016941251229200982,0.023668889539128626,5136.804356552222,-0.026723030011812837,0.253124650937117,-1.6666321160580535,52.38594472199999,4.879719009666668,5.953240107983334,2.3978333383183337,264.8600006133333,6.697359486483332,4.369126856316667,12.414146364399068,-34.41693134982167,-22.690812102660168
2023-06-07 15:57:16.077333,-0.3163812960857731,9.467524150499862,1.39381895011881,running,0.0794691258272569,0.012108849907777972,0.03341141142410686,6405.667164735555,0.02544561021760245,0.22962647934071675,-1.5404192882171024,52.38587700433333,4.877300333999999,10.844057028666668,2.620833329366667,269.7866650933333,10.091433508850002,3.7762514034666665,10.467581491473624,-34.65757632771,-23.799596869636666
2023-06-07 15:58:16.077333,-0.400699797402417,9.43400772920181,1.6124922372779622,running,0.10823492409711567,0.006597537092298546,0.03843813456858621,6831.199097055556,0.1257130209745029,0.28089244444403455,-1.4871428522622379,52.38647555033333,4.875697912833333,10.2476315605,2.3705000142200006,229.24000089546502,10.683260090600003,4.637423042416668,-11.246220043730636,-35.82981942622,-23.27630228171968
2023-06-07 15:59:16.077333,-0.4617700678592047,9.299518870272058,1.8244638310808443,running,0.09603029811102265,0.0364879628850373,0.047113287088188925,6627.221285815555,0.017402307948706536,0.3032907113667563,-1.5215886124691262,52.38705882266666,4.874668712999999,5.3729335852,2.4179999848,251.73666636166664,10.177915112416665,3.7821280519666667,13.620283077878835,-34.6557991829,-21.589778374175296
2023-06-07 16:00:16.077333,-1.0435020951866112,9.21897338715907,1.576422569878253,running,0.06921377634122489,0.008488853758331964,0.055186369543885706,6557.303431102,-0.050291269693675617,0.23335457358979858,-1.6371133576648291,52.38669826515151,4.8730760072727275,2.243689585544849,2.595151485909091,249.7787887151515,10.388837264939392,4.31655307969697,17.34929306975248,-34.03431956048019,-19.292058815587037
2023-06-07 16:01:16.077333,,,,,,,,,,,,,,,,,,,,,
2023-06-07 16:02:16.077333,,,,,,,,,,,,,,,,,,,,,
2023-06-07 16:03:16.077333,-1.529443355317245,9.045103475353335,1.8742192601478174,running,0.0174117337915646,-0.020884010143391387,0.07159728452565692,6034.407214551336,0.530789378676114,0.24310955562838527,-0.8188631160452369,52.38638859195652,4.870537295869565,19.171985183021743,2.586956521695652,263.6391303021739,5.512062217695652,6.832019715195651,20.4136186730896,-30.79044294462807,-12.613881918063905
2023-06-07 16:04:16.077333,-1.5462407866956873,9.085023811202953,2.293185109470517,running,0.035400450222275746,0.0009185770479803954,0.05356381088755148,6010.406625905555,0.5277426417073652,0.23052291481194093,-0.828511521270481,52.386371348500006,4.868411905833333,15.274706048166669,2.479833332766667,266.40833384166666,8.719625942133332,4.092079110899999,24.170777798177166,-29.070021172861665,-13.400939272413734
2023-06-07 16:05:16.077333,-1.2545741696466495,9.117346176979053,2.315013765715714,running,0.021968394074051992,0.002354241293382601,0.07159418236765722,8452.85822262,0.5710390739482899,0.16906493414191748,-0.7461168506468165,52.386442414166666,4.866158430833333,12.344804078533334,2.4760000011,256.54499827555003,10.485122680433333,3.8931143363499996,17.771603414518314,-33.19970280665667,-16.64991511215207
2023-06-07 16:06:16.077333,-1.4911565809225498,8.990291005275786,1.5847967499856739,running,-0.0023625751590627088,0.021944772855496283,0.0595559974852685,6728.888653425555,0.46677373733899136,0.10826984066090174,-0.810072113835445,52.38625967466667,4.8643393315,13.518030133166668,2.1468333422783337,245.82833506333333,10.512042983566667,4.3060967524,22.039683870761355,-35.21932125091333,-4.696973473248725
2023-06-07 16:07:16.077333,-1.1982411213851814,9.206980805661507,1.8953912457740125,running,0.013301826255359368,0.010265964074274363,0.0896689058665952,5843.330478146667,0.5950868332262902,0.22823125765532684,-0.8305769784387835,52.38586533349999,4.864253659166666,17.29591377266667,2.0326666693099997,101.185000485,11.275834672033334,4.874103629633334,-9.784952879551964,-43.18229365044667,-2.545241218840239
2023-06-07 16:08:16.077333,-1.4997417664231907,8.941838461846318,1.7083608173312597,running,0.04250710408197422,-0.014111720746804047,0.07238714886773218,9735.559892553334,0.5550239670285055,0.20031996636778895,-0.8649240932767974,52.38629064816667,4.865655979166667,15.691835013666665,2.0878333397766666,66.92499991847501,11.403356138699998,5.038015484666667,-4.41703024538845,-34.980884450683305,-20.35502859600127
2023-06-07 16:09:16.077333,-1.4337699404622097,8.985020627964689,1.7552869790304197,running,-0.016582683734200795,0.023340477378791497,0.07711636641245627,11144.888227462223,0.5595427766092491,0.1731633221086642,-0.932074840106602,52.38729792916666,4.866170151833332,10.54779862165,2.3341666737833338,227.26333382900003,11.963825034983335,5.670927472966666,6.729410070422872,-33.35729833480001,-22.912965961484996
2023-06-07 16:10:16.077333,-1.4361109720997718,9.084992715476718,1.3700452882724958,running,0.025881842960876405,-0.04461996573114993,0.04817940205248596,13706.266000153333,0.5816934421043335,0.16100504922428716,-0.762698459837165,52.388359318999996,4.865511120666667,9.276743428316667,2.2021666705516667,223.48166614159666,11.949074268233334,6.5125211596999995,-0.94309454823401,-36.81891203024,-17.28807677040838
2023-06-07 16:11:16.077333,-1.510833587261223,9.026417552417287,1.6365565712822792,running,0.008100700629973027,-0.010192631878425389,0.06015203974139908,4837.45385483,0.5844006746371032,0.23151960696434962,-0.9566159156590135,52.38872148583333,4.867012341166666,10.235433388266669,2.1066666742066666,88.75833346333334,10.907907692250001,4.71811106185,-9.928154448187767,-43.71730428676417,-3.5042648983756917
2023-06-07 16:12:16.077333,-1.546634314346916,9.049582651488462,2.065640273833628,running,0.029425965592275404,-0.01184532777966391,0.07587406093404986,7557.2122400966655,0.5259515720238215,0.2645004354722903,-0.9930477990471674,52.388688847999994,4.869222931333334,11.085801031900003,2.1508333225866663,93.28666725133333,11.069504007099999,5.4245027382333335,-8.219513976959592,-43.96721313419,-4.924692574545792
2023-06-07 16:13:16.077333,-1.578425315956128,9.016107842213318,1.8814932777854485,running,0.021054709607543295,-0.05576761350849568,0.04344947564305552,12584.636128879582,0.5017723849116748,0.14325229962716665,-0.8372930306506658,52.388613490000004,4.870615751666667,8.057088438416667,1.8241666555833331,96.51666705000001,10.239366291833333,3.5158201654166668,-9.602726521741276,-43.139353001331756,0.25003751899283716
2023-06-07 16:14:16.077333,,,,,,,,,,,,,,,,,,,,,
2023-06-07 16:15:16.077333,-2.161920881515993,9.235417240948154,-0.19709470942210836,walking,-0.3365803470376993,0.8044339132727658,0.12891363325777674,1143.2873489307688,0.0906485080762401,0.015963238245253725,-0.24607891782547536,52.3883578,4.8715983,6.951020294,0.0,0.0,64.09999847,5.84464407,18.696158054399998,-39.033655242840005,-3.89760711636856
2023-06-07 16:16:16.077333,-1.0949979892809796,9.704327571439341,0.23513514009863254,walking,-0.04021634876853602,-0.032652880519080135,0.004477686426114884,2963.77976209,0.04857954134092967,0.1654867317546908,-0.2829655877044022,52.388011343833334,4.870206554833334,2.6597324982633332,1.3621666729349997,248.61333364500004,10.824953771100002,10.53833634055,20.646966476408334,-38.97046738943167,1.6972802333447854
2023-06-07 16:17:16.077333,-1.1226695576823305,9.699263391509858,-0.025207607071861975,walking,-0.042902745229266646,-0.02704619344029437,0.02091422942317252,2493.580601193667,0.033446491954609366,0.18354298992160847,-0.34164452919604155,52.38776396916666,4.869015620166667,3.9431381191053334,1.3443333293566666,242.4583338383333,10.82625872241667,4.292002701816667,21.473075217213335,-39.591514476133334,4.085779921655343
2023-06-07 16:18:16.077333,-1.2197653333739944,9.678310016238393,-0.01246666470915583,walking,-0.037967889122428336,-0.0386192394998462,0.015348376759092733,3537.296845422222,0.0449427399670462,0.18919385767211347,-0.3811398886552948,52.387350164833336,4.867965881833334,5.844961951616668,1.2381666670683336,204.68666661666666,10.38707919141667,3.8087443550333338,21.627336083735,-39.51744217806,4.693152841564533
2023-06-07 16:19:16.077333,-1.3017852969164492,9.65805187609936,-0.1564672444350189,walking,-0.052809138516962506,0.026840985633775006,0.0117291620536731,6658.033844247778,0.06930372749447562,0.1696228874372621,-0.3636800004223224,52.387199672499996,4.867745528166666,5.754038438164001,1.2001666675283336,84.63333314383334,11.478275950500002,6.882036173166667,-9.83606680283391,-42.544955475485004,4.008421762464272
2023-06-07 16:20:16.077333,-1.3948903975148783,9.652401103069082,-0.31170398158089474,walking,-0.043102144175088876,-0.03738377157333904,-0.006476081626633359,7128.149754966396,0.04013092854475662,0.18453769898282854,-0.3918572023538914,52.38748090614035,4.86866835754386,6.634429688333334,1.3229824565666668,60.30877173543859,10.17110608722807,4.827914003701754,-16.427525607753086,-43.34769167475395,1.9504937915424376
2023-06-07 16:21:16.077333,,,,,,,,,,,,,,,,,,,,,
2023-06-07 16:22:16.077333,,,,,,,,,,,,,,,,,,,,,
2023-06-07 16:23:16.077333,-1.2433147773791262,9.387918931887727,1.106117825479945,running,0.06247277064803524,0.012203047790030194,0.07289442250802537,15478.34800823482,0.15596153353154604,0.24078091045733502,-1.4606733241619279,52.387834925625,4.8700720109375,2.8444149117446873,2.10218747334375,61.3312499534375,6.268788732406249,4.38055056321875,-13.550951107656724,-44.09215800706939,-5.6764118923973825
2023-06-07 16:24:16.077333,-1.497671546382458,9.349028612324762,1.1393948964359648,running,0.05003466749451483,0.00010580570332671547,0.04074204726008455,12542.000803395555,0.22296528934379453,0.3244061483228159,-1.5265583796649795,52.388224638000004,4.871507156000001,11.969691169150002,2.22216666535,80.154999222,6.9996848861166665,2.78311216435,-8.893968593966607,-44.06642762753,-1.253025377940927
2023-06-07 16:25:16.077333,-2.0829482975949865,9.154786152990765,1.4870254209959497,running,0.04758818283475786,0.0013363286694055173,0.05618164953712315,13666.751123155555,0.1928944828797851,0.3212625786341854,-1.484709930094227,52.38794341516667,4.873667415833332,8.342212282616666,2.4613333344333332,109.15500017466665,11.074500687833336,4.645365889833333,-1.0011380802700398,-43.18074218974667,3.9969008871149847
2023-06-07 16:26:16.077333,-2.361606091790932,9.082742110927509,0.967525789977099,running,0.046668499981793864,-0.007775164184343663,0.07736368979025868,11900.65750777,0.20793271853404438,0.30178080644964766,-1.5648964805238348,52.3873554495,4.875480761666666,1.4345476363451666,2.38566665455,145.04333304833335,10.956808312666665,4.53967200525,9.6853175171584,-40.17505470242333,5.547750623808277
2023-06-07 16:27:16.077333,-2.344544351061391,9.109529729969378,1.2265022590322872,running,0.07692150668225989,0.036712031374491555,0.10190982299599677,9960.821562465555,0.13521713749842765,0.3432030931985915,-1.557718666079066,52.38632629266667,4.876079698833334,11.300299854033334,2.3813333193800004,141.83666687149994,10.550538588366667,3.8406885743166663,9.033052662328215,-42.36909246776169,6.000773220093295
2023-06-07 16:28:16.077333,-2.1415217971552956,9.07077484104764,1.5303823010916575,running,0.06143325381175983,0.02079570624286841,0.08005935858523998,9059.932107194445,0.11867577708710997,0.22986346138442854,-1.4016950571252125,52.3859209175,4.877946832666667,12.883446239783332,2.348666665933334,85.58666699766667,10.258777316749997,3.7596877416166667,-6.373477114138116,-45.30485160884333,-0.7314631842674552
2023-06-07 16:29:16.077333,-2.04207100989481,9.07473246904797,1.2685593329686715,running,0.05557402151916745,-0.016697684136724202,0.0611767345064658,7829.035561541112,0.1482000983840301,0.22545204672847804,-1.4756737407911031,52.386016479,4.880111070833333,12.71271176815,2.21299999852,86.32333323116669,10.301248454866668,3.8456962029166664,-5.681360958197233,-44.2422357013,1.1963807819122168
2023-06-07 16:30:16.077333,-1.960650220626736,9.164125815534117,1.059423223895839,running,0.010425960346987211,-0.03659509153013102,0.04514783025535166,6897.390492154411,0.20640911600959533,0.20150926201689712,-1.345936527787783,52.38575279666666,4.881310058148149,11.196809377814814,2.114074070177778,178.937036862963,10.252250283296293,3.227318896111111,18.59117745310346,-37.44917319254475,4.876054570600195
2023-06-07 16:31:16.077333,,,,,,,,,,,,,,,,,,,,,
2023-06-07 16:32:16.077333,,,,,,,,,,,,,,,,,,,,,
2023-06-07 16:33:16.077333,,,,,,,,,,,,,,,,,,,,,
2023-06-07 16:34:16.077333,,,,,,,,,,,,,,,,,,,,,
2023-06-07 16:35:16.077333,,,,,,,,,,,,,,,,,,,,,
2023-06-07 16:36:16.077333,,,,,,,,,,,,,,,,,,,,,
2023-06-07 16:37:16.077333,,,,,,,,,,,,,,,,,,,,,
2023-06-07 16:38:16.077333,,,,,,,,,,,,,,,,,,,,,
2023-06-07 16:39:16.077333,,,,,,,,,,,,,,,,,,,,,
2023-06-07 16:40:16.077333,,,,,,,,,,,,,,,,,,,,,
2023-06-07 16:41:16.077333,,,,,,,,,,,,,,,,,,,,,
2023-06-07 16:42:16.077333,,,,,,,,,,,,,,,,,,,,,
2023-06-07 16:43:16.077333,,,,,,,,,,,,,,,,,,,,,
2023-06-07 16:44:16.077333,,,,,,,,,,,,,,,,,,,,,
2023-06-07 16:45:16.077333,,,,,,,,,,,,,,,,,,,,,
2023-06-07 16:46:16.077333,,,,,,,,,,,,,,,,,,,,,
2023-06-07 16:47:16.077333,,,,,,,,,,,,,,,,,,,,,
2023-06-07 16:48:16.077333,,,,,,,,,,,,,,,,,,,,,
2023-06-07 16:49:16.077333,,,,,,,,,,,,,,,,,,,,,
2023-06-07 16:50:16.077333,,,,,,,,,,,,,,,,,,,,,
2023-06-07 16:51:16.077333,,,,,,,,,,,,,,,,,,,,,
2023-06-07 16:52:16.077333,,,,,,,,,,,,,,,,,,,,,
2023-06-07 16:53:16.077333,,,,,,,,,,,,,,,,,,,,,
2023-06-07 16:54:16.077333,,,,,,,,,,,,,,,,,,,,,
2023-06-07 16:55:16.077333,,,,,,,,,,,,,,,,,,,,,
2023-06-07 16:56:16.077333,,,,,,,,,,,,,,,,,,,,,
2023-06-07 16:57:16.077333,,,,,,,,,,,,,,,,,,,,,
2023-06-07 16:58:16.077333,0.7023978045375463,0.0005100020555547252,9.94864881147311,sitting,-0.0010528529429915166,0.0004254036980664322,0.00030208277093402464,1488.6268595119263,0.00011230412514598268,-6.14800994531484e-05,-0.000558694485821022,52.3772816,4.87804755,2.639172798,0.0,0.0,71.20000075,16.365479229,-9.655868206308734,-28.297461108526814,-74.02524867782199
2023-06-07 16:59:16.077333,0.6298302464907616,-0.1651313977654929,9.95912670117175,sitting,-3.066889496400526e-05,-1.0282393173977123e-05,1.9165290781753958e-05,1526.0159859399998,-0.0002880757365859063,3.949093329927954e-05,0.00023157092040528617,52.3777063,4.877444399999999,1.2259619753333333,0.0,0.0,223.00000063666667,2.0556874273333334,-9.490408307527833,-26.91766669852833,-73.34757794969333
2023-06-07 17:00:16.077333,0.6300233770144608,-0.16540829072795404,9.960025983421236,sitting,-1.3728130629747453e-05,8.950045337999621e-06,-8.679932354708778e-05,1520.0051818822221,0.00010579194762454488,0.00010044954265271726,-1.865126982084998e-05,52.3772791,4.877717166666667,1.805643366,0.0,0.0,15.024333319999998,1.5904513596666667,-9.4394916041565,-26.98139340418833,-73.37327110556333
2023-06-07 17:01:16.077333,0.628800599703615,-0.16581179189954479,9.954406101392236,sitting,0.00022779049668229288,-0.00012790374857105384,7.724059405824294e-06,1510.7471853799998,-0.0008745073130926938,-0.0012644078467011401,-4.218921864066332e-05,52.377245433333336,4.877695066666667,1.8389159136666666,0.0,0.0,29.18400065,2.7910898129999997,-9.456329637342833,-26.980935903783333,-73.236157344935
2023-06-07 17:02:16.077333,0.6273187007907244,-0.166005198208017,9.951192755036823,sitting,-3.2764829135475765e-05,-6.42994332479748e-05,1.978102005483031e-05,1496.1893111666668,-0.00023639813048600397,-7.786598740177727e-05,-2.3602114599673926e-06,52.377709833333334,4.877444533333333,1.2259670313333333,0.0,0.0,224.16666730333336,2.3735227586666667,-9.451063307106,-26.963424836426665,-72.99486576083667
2023-06-07 17:03:16.077333,0.6259033705292696,-0.16613599211618463,9.949363084693077,sitting,2.1991799633795658e-05,-8.688847832201912e-05,-3.637958831365064e-05,1485.077834481111,-0.00017665928447319304,-0.00019528075395777427,7.217182741028476e-05,52.377291066666665,4.8777194,1.738995876,0.0,0.0,52.70899995333334,4.020630121333333,-9.394416667746167,-26.96124713836167,-72.97520745342
2023-06-07 17:04:16.077333,0.6258861998355548,-0.16596382757017442,9.95135597146078,sitting,5.8595014439663235e-05,0.0001369235874644873,-4.9687384074479706e-05,1482.9043396246498,0.0003347660621756401,-0.00013586553582530252,-0.00017390718834616012,52.3773027,4.8780416,1.839197931,0.0,0.0,28.62999916,1.816482663,-9.436082933192615,-26.97156799052455,-72.84443227849769
2023-06-07 17:05:16.077333,,,,,,,,,,,,,,,,,,,,,
2023-06-07 17:06:16.077333,-0.09525878142705964,0.0953816568344532,9.945135800527037,sitting,0.00010028670384930918,-7.921017433901522e-05,5.8634778690953e-06,1182.8498179018568,-7.310052527022124e-05,-0.00039894359756831543,-0.0001780918797086339,52.37726375,4.87770905,1.8389498469999999,0.0,0.0,26.818499085000003,2.4302231075,-0.0880640305581477,-43.9822800823473,-97.26181218191617
2023-06-07 17:07:16.077333,-0.09477797743031899,0.09334134844511578,9.940814344729295,sitting,8.988373437653538e-05,5.559008574519649e-05,-1.0135646762201223e-05,1197.726798798889,0.00045491258901546815,-0.00021262033449581094,3.225649991242656e-06,52.37729113333334,4.8777216999999995,1.83899578,0.0,0.0,20.582666396666667,2.389191826333333,-0.10381996465260165,-43.941416283836666,-97.53917912171168
2023-06-07 17:08:16.077333,-0.09407560136382738,0.09257387590653073,9.94561879217567,sitting,9.773729503953697e-05,0.0001265574780364531,1.980776147944703e-05,1475.7216601777777,0.00045016392604812003,-0.0002213823225437474,-2.8585457088561518e-05,52.37728763333334,4.877717133333334,1.8389881956666667,0.0,0.0,21.08166694666667,2.1663962206666665,-0.10478376448390998,-43.925562416015,-97.40733372373333
2023-06-07 17:09:16.077333,-0.09346891643262567,0.09226622571285999,9.942399798494645,sitting,8.272532401901323e-06,6.959457754599315e-05,9.290569381006897e-05,1471.3191552766666,0.0002415710710405845,-1.2558777871768706e-05,-3.1201756454001213e-06,52.37726923333333,4.877713766666667,1.838960313,0.0,0.0,20.319333393333334,1.926077882333333,-0.08436503180474833,-43.960763476720004,-97.335191076935
2023-06-07 17:10:16.077333,-0.09395394379970877,0.09167733252928563,9.942328489519348,sitting,-0.00010388820711003948,-3.3972715690259084e-05,-1.744544017285932e-05,1453.5674101977777,-0.00022087875565535741,0.0004469801408615384,-3.2197122661270196e-05,52.37729136666667,4.877721266666667,1.8389958573333332,0.0,0.0,18.184999783333335,1.9582513966666664,-0.11451326410321166,-43.877250408083334,-97.34656352110832
2023-06-07 17:11:16.077333,-0.09520520258814548,0.09074094990627486,9.932719084841597,sitting,-5.868086698107885e-05,-1.6082089035309795e-05,-4.892821901757438e-05,1439.2714318688888,-0.0002720996142898016,0.00028054412886599234,-2.1639283312267232e-05,52.3772837,4.877718233333333,1.8389832923333334,0.0,0.0,19.70600032666667,1.7152669033333332,-0.058230598791041664,-43.93682911610999,-97.362502773265
2023-06-07 17:12:16.077333,-0.09665287861119375,0.08956576259197618,9.931803796863617,sitting,-0.0001825084164604255,-0.0001534404745740572,-9.056193565209396e-05,1425.151131937023,-0.0008463362564556666,0.000612656850211463,-0.00015622822618558817,52.3772849,4.8777131,1.838982001,0.0,0.0,15.28600025,1.391581893,-0.02416618939116991,-43.96469880773742,-97.23195666749143
2023-06-07 17:13:16.077333,,,,,,,,,,,,,,,,,,,,,
2023-06-07 17:14:16.077333,-0.5279695894744572,0.4773693623163585,9.903235279512376,sitting,0.0004954335338916265,0.00013759407001350354,0.00015700461090918156,1367.19629867874,0.00030007567864779027,-0.0025377021784970207,5.083338769300874e-05,52.3772865,4.8777167666666665,1.8389863853333335,0.0,0.0,21.013666153333332,1.8639742136666666,-2.360568517752309,-47.50295671874023,-94.31565881334123
2023-06-07 17:15:16.077333,-0.5282390926350974,0.470813540585325,9.899599650667772,sitting,0.00023274561649701237,-1.4392273134832985e-05,8.166020215886726e-05,1359.448551302222,-0.00031631997035048824,-0.0009380949623383321,6.724754291625231e-06,52.37729023333333,4.877720533333334,1.8389938343333334,0.0,0.0,18.6916666,2.1091173490000004,-2.310543725255,-47.436913335975,-94.57504463830998
2023-06-07 17:16:16.077333,-0.5285094964343074,0.4691162651905034,9.900418600787207,sitting,2.466611394373787e-05,3.5880345632322534e-06,2.6748971413293574e-08,1350.9904285344446,-0.00023080669845130768,0.0001513628350200845,-3.766933740969756e-05,52.377263866666674,4.8777214,1.838957186,0.0,0.0,23.994667056666668,2.508698105666667,-2.2898301546985,-47.427423763309996,-94.67603428516666
2023-06-07 17:17:16.077333,-0.5288351993876681,0.46797262003657025,9.898582057319343,sitting,-0.00011429127624611575,-1.381735957856352e-06,-6.201735140326033e-05,1344.3329032666666,-0.0002383335715450998,0.0007031626863277801,-7.443390688028655e-05,52.37770006666667,4.877443866666667,1.2259528823333332,0.0,0.0,212.39666620666665,1.4535145360000001,-2.3150841589216666,-47.42540875250167,-94.61140681326833
2023-06-07 17:18:16.077333,-0.5299896141436582,0.46637332378785185,9.893683546950928,sitting,-5.6648343711902585e-05,-6.0116160840732434e-05,-3.7553086404914105e-05,1334.906828108889,-0.0004260076443434936,0.0004378205371371896,-4.7329687303339134e-05,52.37729986666667,4.877729400000001,1.8390125593333335,0.0,0.0,17.367666563333334,1.5149128440000001,-2.3211536572173337,-47.424475430275,-94.51916053014168
2023-06-07 17:19:16.077333,-0.5299984303538379,0.46536492709779065,9.892028370620595,sitting,-2.1809760439377446e-05,1.408074448266235e-05,2.9543253770428162e-05,1326.8627060244444,-0.00010540451300933153,-2.7298308738505056e-05,-0.00011530386039660619,52.3777283,4.8774664,1.2260057556666666,0.0,0.0,212.36566670666664,1.0166485706666668,-2.291597123561833,-47.43494097153667,-94.38491383745168
2023-06-07 17:20:16.077333,-0.5304385756512817,0.4646881171933371,9.895587757798985,sitting,-0.00014512369517293228,-1.9653562115382313e-05,3.6810988745906264e-05,1321.3160889925093,-0.00023355624873117294,0.00040383348757315495,0.0006827422519865598,,,,,,,,-2.2634737020697018,-47.47286668620011,-94.25253483311411
2023-06-07 17:21:16.077333,,,,,,,,,,,,,,,,,,,,,
2023-06-07 17:22:16.077333,,,,,,,,,,,,,,,,,,,,,
2023-06-07 17:23:16.077333,,,,,,,,,,,,,,,,,,,,,
2023-06-07 17:24:16.077333,,,,,,,,,,,,,,,,,,,,,
2023-06-07 17:25:16.077333,,,,,,,,,,,,,,,,,,,,,
2023-06-07 17:26:16.077333,,,,,,,,,,,,,,,,,,,,,
2023-06-07 17:27:16.077333,,,,,,,,,,,,,,,,,,,,,
2023-06-07 17:28:16.077333,,,,,,,,,,,,,,,,,,,,,
2023-06-07 17:29:16.077333,,,,,,,,,,,,,,,,,,,,,
2023-06-07 17:30:16.077333,,,,,,,,,,,,,,,,,,,,,
2023-06-07 17:31:16.077333,,,,,,,,,,,,,,,,,,,,,
2023-06-07 17:32:16.077333,,,,,,,,,,,,,,,,,,,,,
2023-06-07 17:33:16.077333,-3.267431509097196,8.554922507705545,0.42355177826509177,cycling,0.02693475721278504,0.02424457341062428,-0.029949352110975113,4532.765212646447,0.13172720178983643,0.030583895903478864,-0.02483766672792235,52.37678084666666,4.8776542052777785,8.12169372437778,4.127500010888889,171.38055569166667,10.149098052277779,14.082702212444444,21.831224281451863,-29.59903213769903,2.093534010570351
2023-06-07 17:34:16.077333,-4.181297669389431,8.55260601558374,-0.9998292166869132,cycling,0.015693511566514672,-0.015441051711160992,-0.0038951927976252593,4543.562056062222,0.045997982221759964,0.028758853699861045,0.035976933645538715,52.374945612833336,4.876839741166667,8.695130698683334,4.990333330616667,214.60499903166667,8.874179927433335,6.498408305566667,23.987907927534998,-25.015243496905004,9.445359781900772
2023-06-07 17:35:16.077333,-4.447966036552659,8.218254904615703,-0.9785571406957103,cycling,0.010783762449986661,-0.01442073749611758,-0.015122192196846788,5842.801965989999,-0.01610703331489263,0.005065710836150766,-0.011234022736600461,52.3744121665,4.874193409666665,7.857459292715,3.3088333383316666,260.9750007616667,7.386812837900001,6.8731132428,22.11411671300232,-34.01875837797496,-12.340747848859849
2023-06-07 17:36:16.077333,-4.26257787744086,8.368457052547548,-1.1768940778964492,cycling,0.0057142657480826605,0.0033741442296496417,0.008973080723214375,3882.098925374444,-0.010372077004379799,0.0012800644355257453,-0.02222627537228774,52.375184034833325,4.870564195333333,19.697372403183333,4.272666668866666,288.67000096666663,12.368231820999998,8.587312571066665,22.082316772225667,-36.3216237666855,-12.93073094742225
2023-06-07 17:37:16.077333,-4.43398908908769,8.30139625949086,-1.3599440539833219,cycling,-0.005732879520686264,0.014385085070957006,0.0021002987679935056,3839.9456997311117,0.0027191518577964883,-0.01757618221726825,-0.043824457504186315,52.37568483816667,4.866608808833333,9.964240849449999,4.749166671366666,259.51166585333334,12.487683868333335,7.605439949033334,30.267888299950002,-30.992218573738334,-5.440980300638485
2023-06-07 17:38:16.077333,-4.596448913932871,7.814476517418086,-1.119710160552283,cycling,0.009105184672589136,-0.020251033981205365,-0.007699472006262736,4760.723532013334,-0.006445503131357525,-0.04174228161828592,-0.040775339014032616,52.37521610241379,4.862614157241381,2.6122621653448275,4.1151724087741375,245.05172334482756,8.387907052706897,4.66645907948276,28.70402992974926,-29.123889533990823,-6.294086155152991
2023-06-07 17:39:16.077333,-4.477863879986049,8.140129948875925,-1.065363451456277,cycling,0.006009899438700087,0.006643638778317415,0.005964722882855113,2269.230389125,-0.03426824210249713,0.0027104904413063446,-0.07818319537742886,52.37466657633333,4.858578301166667,4.421142599341667,4.389500011018334,255.53999913000004,7.518829381316667,4.68259684245,29.903163221376666,-30.014020567306666,-7.331449558232147
2023-06-07 17:40:16.077333,-3.019470947446474,8.61082894756016,0.36965994050142315,cycling,0.029689598078298417,-0.024405571127729075,-0.017918449521442267,3975.9951516551723,0.008562954643622415,0.023749028272986486,-0.0255860237096357,52.374352821290316,4.855566526451613,9.247262791096775,3.3274193377064516,260.71935493870967,11.05873818516129,5.600456299322582,21.68415170157996,-34.07004855092268,-12.081042858559078
2023-06-07 17:41:16.077333,,,,,,,,,,,,,,,,,,,,,
2023-06-07 17:42:16.077333,,,,,,,,,,,,,,,,,,,,,
2023-06-07 17:43:16.077333,,,,,,,,,,,,,,,,,,,,,
2023-06-07 17:44:16.077333,-3.8253126819668113,7.54510849400643,2.5979414672959185,cycling,0.04535292132852969,0.05126496018041743,-0.014320561640734437,3509.214714927178,0.28243618983194013,0.0983451662233156,-0.13497319454695847,52.37414054755101,4.854373023061225,6.4148020270140815,3.2904081527163265,161.73061176387756,7.88234564722449,8.808079525102041,19.434613935648066,-29.231914418507127,-16.98278814296867
2023-06-07 17:45:16.077333,-6.039837180750543,7.250880736524269,1.4071457449149651,cycling,0.0004498687985810828,0.004961829650523634,0.002557447117791693,2541.5073265222222,-0.035915289030406014,-0.029079056466315083,0.003148089515964018,52.3732079535,4.850981704666667,6.126788256186669,4.54799998995,252.57000096333334,10.304372422283334,7.08124128975,30.298433036363335,-23.733436286219998,-22.318602301614998
2023-06-07 17:46:16.077333,-4.703718750194032,7.5954244750947115,1.5515610510674662,cycling,-0.0032061748032457776,6.832126096621506e-06,-0.008359690526314129,4833.276564163153,0.0006887211500117799,0.015597444522546829,-0.07919717728634763,52.37242585966102,4.847370789322033,6.909573085525423,3.8774576166271184,197.27796664745765,9.523036993389832,6.535357996627119,25.571097691949408,-26.90036207008429,-12.24110221611487
2023-06-07 17:47:16.077333,-6.231681181942252,7.20028315948909,0.17185902328686,cycling,0.007198327810313429,0.011061869854635512,-0.010755252274425203,4689.567721856888,0.021397747511483364,0.04674883978045905,-0.009158542397009955,52.37058084672727,4.847676669090909,6.9350557856418185,5.20472723349091,172.9527277163636,5.782468335909092,4.627456747327273,35.410001162555,-22.6084560102455,9.182799523878654
2023-06-07 17:48:16.077333,-5.911181198328623,7.37483344764951,0.38582687804784366,cycling,0.0020103447736140945,-0.0015843667106281148,0.003175445636561255,4980.27312561,-0.036040245542490044,-0.035664844714664724,-0.048526822986898026,52.36789899166666,4.848407040833334,0.2633748340273334,5.018166665233334,173.70500030666665,6.06442936255,5.890319712866668,37.112448084808335,-23.973652246161663,6.790837071162681
2023-06-07 17:49:16.077333,-6.1641556435634355,7.241188102421645,0.0762063242907482,cycling,-0.0003951832557221464,0.007844304126742866,0.005031277434850236,4319.546862378155,-0.0168539477280884,-0.02675780104291019,-0.018311504691298747,52.36540479019231,4.847810800192308,-4.6445567061153845,5.403269222173078,193.14615396730773,12.521513865,7.837993644730769,38.84892486699667,-22.026916580226665,4.699862845182378
2023-06-07 17:50:16.077333,-6.043867250822661,7.329484039787608,0.27355573668133804,cycling,-0.0013274494586217557,0.005120692961341773,0.00039790235917198875,4180.297808817778,-0.015743185672887836,-0.03552317418134101,-0.030417407804048325,52.36236181833333,4.847811886000001,0.17544105938000004,5.1631666422333335,175.7083338433333,6.404559282616668,5.707548364,38.17596476169833,-23.667332610476667,8.211447743692444
2023-06-07 17:51:16.077333,-6.089813864573949,7.255262356488379,0.07952994524015633,cycling,-0.002302002203590241,0.007780866942823712,0.002370306567041208,3468.173455379333,-0.012764106453868183,-0.030435212572347135,-0.041234777063022615,52.359687263500014,4.848087816166666,-3.1164596458666662,5.034499998916667,168.55833410166665,10.567447121833334,5.125316150983334,36.187106558145,-24.032012963253,11.509841708806475
2023-06-07 17:52:16.077333,-6.244603650858956,7.148526973086874,-0.1882832382029838,cycling,0.0013024015314591964,0.006273000422306749,0.0031674917997379366,4691.3085023370695,-0.02880280838420282,-0.0505403342662327,-0.02968546063655693,52.357435584242424,4.848540595454545,-0.47721983480606056,5.355757568848485,184.62424306060603,9.577275651696967,6.6427001520303035,39.40978435602428,-21.486976186007364,7.761213751078401
2023-06-07 17:53:16.077333,,,,,,,,,,,,,,,,,,,,,
2023-06-07 17:54:16.077333,,,,,,,,,,,,,,,,,,,,,
2023-06-07 17:55:16.077333,-5.075315049517589,7.945836500692964,0.7012937239219067,cycling,-0.01745611820888819,0.053527650477629016,-0.007377948816581351,2648.860267056568,0.05600648681128848,0.044557218463560144,-0.024634808244455176,52.355246873090906,4.848287838181818,7.222574457736364,4.374545448454545,134.2563636110909,7.226408204290908,5.708313722981819,22.931450335343797,-34.50449903779576,7.424677627742543
2023-06-07 17:56:16.077333,-5.190642317441771,7.807410417492349,0.6213044160796758,cycling,0.007815775183257875,0.006415947365233382,0.0037394045255881503,3495.044986844445,-0.05840362635154146,-0.031119364345925063,-0.02786161951389932,52.354845639333334,4.851830457999999,7.873971080766666,4.5828333576833336,95.63166669233333,10.832668979666668,5.433161453500001,13.653328806105987,-39.510168933215,13.437002479440935
2023-06-07 17:57:16.077333,-6.374891417415652,6.672958765488415,-0.3044629302026283,cycling,0.003355356597504827,-0.021195730323022122,0.0022527994887149337,1958.3231141157603,-0.0380742893063411,-0.02499698942455328,-0.007012406303413809,52.35493789706896,4.855569814827587,20.69317338884483,4.111551745165517,78.92758659017242,10.001336171155174,5.629423601827586,18.499742057639388,-35.01519245907877,19.98128463233416
2023-06-07 17:58:16.077333,-6.8746413755558695,6.428813769995962,-1.0687519640275176,cycling,-0.0035853915244461985,0.009371362932777008,0.004092206319294628,2367.6320410065555,-0.01642777210116683,-0.038875456738815845,-0.01857459688705362,52.35549254116666,4.859869935999999,17.916309257716666,4.870000012749999,70.55333302800001,14.732489267166669,7.97137115805,17.99532905688333,-39.76319082476333,16.872687115073
2023-06-07 17:59:16.077333,-6.7108421752612974,6.650838945149495,-0.8208059387504917,cycling,-0.006267158300293251,0.010209160540538012,0.006454297978457692,3950.046685784111,-0.022388416437576483,-0.03652148635238447,-0.0013195933806366884,52.356384266666666,4.865301525166666,5.688788756883332,5.696000011716667,71.76166674383333,15.663935597833333,8.37817657835,17.206910174709833,-40.22974323085667,16.287475488712168
2023-06-07 18:00:16.077333,-6.837454436592663,6.468415088941799,-0.9555387609581977,cycling,0.0025970425526530747,0.001668818847864938,0.002055057352410775,4442.703404523111,-0.006930630905129142,-0.02205138149678221,-0.02378397254422859,52.35751415733333,4.869935124166665,9.402996952566665,5.292499995316666,61.111666615833336,11.750180181333333,5.131206647516665,17.633466882284832,-40.580316310255,14.3013175491445
2023-06-07 18:01:16.077333,-6.9876504129678265,6.293330417230656,-1.1976277492498408,cycling,-0.009586539931342841,0.01626516026884405,0.0034846372125549806,4000.2078824833334,-0.011749353776327983,-0.015709401599435163,-0.020078917412708206,52.35888564816667,4.874013389999999,6.954537789916667,5.431166660733333,44.05666661215,12.558718808999998,6.02704752295,16.877278380159357,-41.726648646691665,10.28230417836035
2023-06-07 18:02:16.077333,-7.087259114622167,6.21242726817658,-0.8475096329138948,cycling,0.0029991661113342653,0.0033341082651457132,0.006132569333954976,4162.346408234555,-0.01151477938544389,-0.04154592929054442,-0.043532462862956006,52.36061824236365,4.877653971272728,17.801779629145457,5.104727259563638,67.07999954163637,15.445385204909092,9.72335631650909,17.337342396353993,-37.797978262899996,14.203556922146603
2023-06-07 18:03:16.077333,-7.0314657424971605,6.331726119308797,-0.5045881618129977,cycling,-0.003880866309470959,0.007219035102719444,0.0025614877626246066,6334.113596925116,0.002638483563657429,-0.006134407933145003,-0.004842915542421665,52.36138305448276,4.880849016551725,12.026169771068968,4.384827552103448,58.12413787896553,11.005385003793105,5.152540535827586,16.834794576506805,-40.68512984662478,12.084962068241222
2023-06-07 18:04:16.077333,,,,,,,,,,,,,,,,,,,,,
2023-06-07 18:05:16.077333,,,,,,,,,,,,,,,,,,,,,
2023-06-07 18:06:16.077333,,,,,,,,,,,,,,,,,,,,,
2023-06-07 18:07:16.077333,-5.813207254209839,7.233028277673837,-1.3033953093632336,cycling,0.0027896663599309506,0.015556391232947674,-0.0003804370329187896,9735.280592284671,-0.014329447631614088,-0.005971202867374322,-0.0034596426354407787,52.363138888837206,4.881444807674418,46.04459466488372,4.361162798209303,153.3581399027907,9.825588259418604,9.05589229011628,8.448019280975062,-36.33208657122941,-10.23675555473932
2023-06-07 18:08:16.077333,-6.687798698668448,6.329646078248825,-2.110997030087817,cycling,0.004466722750742978,0.002614411621689517,0.005340383141915314,1174.4188969598224,-0.0088316249151152,-0.0531072606075706,-0.046164148870794154,52.364882215166666,4.880654495166666,19.32136197816667,4.826666688983334,327.6299992883333,12.944026366816665,8.007206201333334,24.634871893256,-34.034646365676664,-9.522128276560819
2023-06-07 18:09:16.077333,-6.575648241053273,6.572160719387253,-1.6250302625922854,cycling,-0.008418158530433983,0.013231189662428748,0.010105138688384413,2126.0383656003332,-0.022263902226423275,-0.040589186173973224,-0.023513826802226672,52.367520193333334,4.878868724166667,15.569735595999997,4.814333367416667,335.51166585333334,13.927467854333333,9.659516183500001,25.7724791627135,-39.512596698753335,-9.828393004508726
2023-06-07 18:10:16.077333,-6.620178196053129,6.429942580963212,-1.8323437753836864,cycling,0.005034205772175038,0.005406777789101248,0.008400494762269598,5579.068499794778,-0.026949168706057708,-0.06480975944957103,-0.06235003329466644,52.37007245683333,4.877140904333333,10.935504635300001,4.881833378533332,335.5499979666667,5.925058341016666,5.7954445679166655,21.444433687413817,-36.519320687285,-7.997010380825275
2023-06-07 18:11:16.077333,-6.101674056496414,6.476104800320805,-2.339705834700616,cycling,0.019552564440283082,-0.029965238651780846,0.01438474201566134,15261.578977937292,-0.025604422983527136,-0.023033132771245204,-0.006093865906292218,52.37227382413792,4.875945805689655,8.301329527974138,3.560517251539655,151.9534471052224,7.176959469431034,6.7993972425,19.318650756699714,-40.864396155732884,0.8165282760280002
2023-06-07 18:12:16.077333,-5.8377560289309205,6.718416857684497,-2.889480818342478,cycling,0.0032674690896110983,0.008137694421403201,0.002976828639559249,28664.289772554446,-0.014074037014811198,-0.051901399828245876,-0.06254971143215463,52.374483106999996,4.876284802833334,10.303554314066666,3.8241666674666663,103.08999997316667,17.365260433783337,11.425592215616666,14.792186579460468,-40.104123893773334,1.1764520773808236
2023-06-07 18:13:16.077333,-6.009175442703465,6.464531428372839,-2.6137052803504965,cycling,0.002238647616865769,-0.006049584375970603,0.004400332442671722,34608.858262092675,-0.05785608042137081,-0.07703980872964453,-0.08822249281913318,52.376515607777776,4.877172700000001,11.494608674199998,3.7688889059422226,30.31555524426667,20.585392634222224,12.117236836266668,9.54402071223079,-43.275857769753415,7.006374266112127
2023-06-07 18:14:16.077333,,,,,,,,,,,,,,,,,,,,,
2023-06-07 18:15:16.077333,,,,,,,,,,,,,,,,,,,,,
2023-06-07 18:16:16.077333,,,,,,,,,,,,,,,,,,,,,
2023-06-07 18:17:16.077333,,,,,,,,,,,,,,,,,,,,,
2023-06-07 18:18:16.077333,-5.111310014045054,-1.2992330907008507,8.21998457918746,hammocking,-0.007689229557706769,0.03140515961503294,0.0011771498355749033,2418.2376948041237,0.06326027965771243,0.0158010019712643,0.09977541199689301,52.37713952200001,4.878039656,12.631438176,0.0,0.0,16.544821547999998,23.8345861914,-1.1647901320122065,18.330383477873017,-58.79863471384127
2023-06-07 18:19:16.077333,-3.5393735952649186,-1.1544271171062936,7.808368169837103,hammocking,-0.004574756936459139,-0.024412350580879507,-0.016901994459855785,1142.7238201436667,-0.013839559298504587,-0.0074136832808222265,0.06408208014025304,52.37712700049999,4.8779021689999995,28.48688061866667,0.0,0.0,8.780525422016666,11.37358436601667,-8.294659879223266,15.810870293040617,-50.392208841504356
2023-06-07 18:20:16.077333,6.949622719643268,2.60840791907786,7.026150882930207,hammocking,0.0009761515204806512,-0.001800883223309514,0.0006611885695150791,453.0915927796778,0.0981364161449778,0.02855491330155683,0.07718190682646252,52.37714734383334,4.877926257166667,27.1782634075,0.0,0.0,12.279847860500002,8.053265213866666,-65.06176710006167,-11.287236453570168,-12.056377300861675
2023-06-07 18:21:16.077333,7.317198260746769,2.8332342296237867,6.5744238701780136,hammocking,0.0012050372340223444,-0.004419813044342671,-0.00044326774889287746,288.70786147366664,0.09414746664347977,0.028468390501677748,0.10464957916652422,52.377168005666675,4.877955733333333,23.85243582666666,0.0,0.0,12.430172856666665,9.369570255150002,-65.98399971197333,-13.433775568998332,-8.730732597502872
2023-06-07 18:22:16.077333,7.503319626740711,2.9208671067082412,6.340253370270101,hammocking,-0.0010480193665105512,0.0014447094427309706,0.00016804492170817905,245.97180940255555,0.11179295975693675,0.03511461368158349,0.10709340628630928,52.377174057000005,4.877956787833332,22.089004006666674,0.0,0.0,12.816587130333334,10.382611052233333,-66.36615455881167,-14.395257557341667,-6.865346532585293
2023-06-07 18:23:16.077333,7.654991107887318,2.995763838613598,6.103494295060473,hammocking,0.0011499339249560554,-0.0049980628145486075,-0.00035881756836015136,204.2483000282236,0.08713457473665563,0.025591622972561553,0.11425758833016317,52.37718324203703,4.877973008333334,19.69906326518519,0.0,0.0,13.056213625925924,10.47657294648148,-66.75793997231987,-14.867097803144667,-4.96057986867429
2023-06-07 18:24:16.077333,,,,,,,,,,,,,,,,,,,,,
2023-06-07 18:25:16.077333,6.224832430739399,5.694580242808279,5.5714493895449975,hammocking,0.013036917799264356,-0.01530409047668918,-0.0027807673647932294,463.2346169502762,0.022710712726451972,0.02184175309680335,0.08177964955596068,52.377086385999995,4.877833795,38.9493635242,0.0,0.0,14.101314639,20.2000223158,-61.29083041643697,-24.464526258142858,-6.480301559259908
2023-06-07 18:26:16.077333,6.785502818515231,6.023699278402691,4.607226718397236,hammocking,0.0007467309488774688,-0.002033611155764665,-0.0005479938976515189,461.7338429752223,0.10744550731354652,0.0836425355265501,0.08658602798278937,52.377132808500015,4.877889903666667,29.901438563499998,0.011833333473333334,11.15833308,5.860131875383333,6.5062216917,-62.257706957558334,-26.634429475068334,0.6651419526079217
2023-06-07 18:27:16.077333,6.8688601607607955,6.009020372331525,4.535899894750954,hammocking,-0.0036515895946081095,0.005605693535705694,-0.0006361393234214404,456.8898187923333,0.12620981280580834,0.09721240999199253,0.09650389029564113,52.37717151283333,4.8779148548333335,19.429061917666665,0.0,0.0,10.449796088333333,5.288058606783334,-62.614428838225,-26.539230863493334,1.1244963447527734
2023-06-07 18:28:16.077333,6.7592201987568545,5.93624724328395,4.755125820366025,hammocking,0.003597300734045368,-0.004531746128847182,-8.193389501712578e-05,454.13716776411115,0.08822952137555565,0.07039782282188602,0.09990238168244131,52.3771852975,4.877929221833333,16.319714688166666,0.0,0.0,10.166346645216667,4.5215249141,-62.69020305129334,-26.685388891241665,-0.3861848912029632
2023-06-07 18:29:16.077333,6.693671956250451,5.9366812294703415,4.845856134774485,hammocking,0.0009102207830153814,-0.0009220945864716594,-0.00017615720138166528,448.5762183637778,0.10194698739768206,0.07890751186745017,0.08567392533212081,52.377196261833326,4.877954666166667,14.656114751333332,0.0,0.0,10.428412580766665,5.092170317949999,-62.55944548549834,-27.24359987881667,-1.24813724269887
2023-06-07 18:30:16.077333,6.548560145336358,5.873259558439328,5.114090468249623,hammocking,-0.003554020220625736,0.004437857472792799,-0.0008114009412950254,433.61806686277777,0.10494963615391065,0.08381029962108687,0.09528223185149355,52.37720240133333,4.877973076999998,13.687178614000002,0.0,0.0,10.947837543499999,6.846268494933335,-62.41559528033333,-27.689666429991668,-3.207662572941995
2023-06-07 18:31:16.077333,6.5658498785079,5.908627059940316,5.023028601588271,hammocking,0.0032964226375583223,-0.0049860902400008815,-0.0006081481517523736,411.4256413092222,0.07767946806131235,0.0633611336864663,0.09716491890329418,52.37720647583333,4.877983390500001,12.874730019333333,0.0,0.0,11.075248511,5.664450192416667,-62.65301340620501,-28.094726765516665,-2.8657535088862134
2023-06-07 18:32:16.077333,6.551202936001252,5.964826559194838,4.946897140623308,hammocking,-0.0034008236416968075,0.0035945832349135597,-0.00042801930994488,400.223243448405,0.0843970646365067,0.06770625333886024,0.06266601021962342,52.377208833124996,4.877991459166666,12.4708915425,0.0,0.0,10.893005291666666,5.358692109541667,-62.47399970947401,-30.1981394524158,-2.3928004109710104
2023-06-07 18:33:16.077333,,,,,,,,,,,,,,,,,,,,,
2023-06-07 18:34:16.077333,6.717511043204651,6.202415478833523,4.332452093029944,hammocking,-0.0029855243306447514,0.0005591298212979498,-0.002035871308021041,409.27397551412906,0.057551186688254354,0.04930720384713646,0.057182548745337666,52.377224389433955,4.877956690754718,10.182958979207546,0.0164150941490566,12.992452945283018,5.888359587188681,8.452540831981132,-61.28740863902145,-26.903324572125708,2.6748806918154258
2023-06-07 18:35:16.077333,6.295121461425822,6.3038239213153915,4.854276184544052,hammocking,0.00118043347961515,-0.0019627953726770032,-0.00017679902381358587,408.24421637688886,0.08940455303184713,0.08134689532839125,0.10067312381929147,52.3771946735,4.877963272166668,18.800811523500002,0.06416666756166665,44.91000003683334,12.011108409783333,11.253768253433332,-58.796798856835,-31.199986582143328,-0.22099486271872326
2023-06-07 18:36:16.077333,6.305804553455696,6.10674234762913,5.101914160809125,hammocking,0.0004533069781785147,-0.0011319994412831633,-0.00017400127264382631,446.43174275622226,0.0868646393515545,0.07592954927411089,0.07431272213146692,52.377192444833334,4.8779488,16.426110238,0.14750000139,123.46833292883335,11.043003495333334,7.931631962366668,-59.784384740071665,-30.715274498399996,-2.2663004251920236
2023-06-07 18:37:16.077333,6.323984507023163,6.073140390977505,5.11912988435864,hammocking,-0.0014529819662763748,0.0014720232216642857,-0.00046459093492871373,428.41426713511106,0.08050142397930989,0.07070087653946695,0.09580439107642982,52.37718618433333,4.877900369666665,17.1909526345,0.14383333300166665,108.11166555463332,10.938578510000003,7.36572102705,-60.160100004175,-30.637847190683335,-2.36830462743248
2023-06-07 18:38:16.077333,6.338870465543936,6.063527293955478,5.117550077829746,hammocking,0.0008698364362991098,-0.002165460543387198,-0.00016751140274943375,431.04616675555553,0.0908384213294347,0.0788076674800615,0.09749564084631201,52.377195691500006,4.877938752666667,14.663296679499998,0.15733333303833333,77.23500013633334,11.164383904166668,8.186090032233333,-60.19101076695,-30.527803183983334,-2.414808986060453
2023-06-07 18:39:16.077333,6.356136249036187,6.058853534921634,5.101487429111539,hammocking,0.0020785601986528916,-0.003469678217934014,-0.00022592037007298732,416.3472919041111,0.08598862318793354,0.07450382570803271,0.08556138900191257,52.377160822833325,4.877928719833334,19.334727109666666,0.2649999991,102.86500047466667,11.1024304705,7.891873653799999,-60.143396153139996,-30.28410414887667,-2.0747156935115068
2023-06-07 18:40:16.077333,6.117770302018177,6.3281116505444714,5.01408444285405,hammocking,-0.002037597451628003,0.0003246817350676904,-0.0014833182444115227,386.15956519223334,0.08109240756319586,0.07538209657737963,0.0702073811748884,52.377209715333336,4.877989824833333,14.479047404766668,0.2036666673966667,92.69166653866667,10.9911259335,7.1415005604166675,-59.445196296555,-38.025778696448334,-2.5649015133003052
2023-06-07 18:41:16.077333,6.098583676105865,6.255664647256363,5.065857920691258,hammocking,-0.016326385780769517,0.016437191945184136,-0.0011455381098196976,393.04168135925926,0.08459401201181302,0.07894717748925702,0.053522603369861914,52.37717979200001,4.877981754,17.455042218,0.03799999952,12.980000305999999,12.154348945999999,9.5742998118,-59.168610949064224,-37.13003892812844,-2.919068195429541
2023-06-07 18:42:16.077333,7.232597432524798,5.94082715055532,3.800038321335736,hammocking,0.02027567954231435,-0.028311421620125118,0.004825657382662658,346.5440788222222,-0.020295765034296833,-0.0010737816435815873,0.12001133336004982,52.37718003,4.878071820000001,8.764709440999999,0.0,0.0,23.869478225,23.85108495,-62.94445885096567,-22.179861392145924,6.646853084047425
2023-06-07 18:43:16.077333,6.86626731482526,6.185029844888963,4.134749390406019,hammocking,-0.0027472060470871812,0.0012748929589078523,-0.0021996306890414326,368.6824643618889,0.06504491234716984,0.05250362077095245,0.041158289382064894,52.37718858466666,4.8779895243333335,14.24196809683333,0.006833333273333331,3.039999945166667,8.966790501466667,12.396167771366665,-62.00762730666167,-26.324701989696667,3.739962796394289
2023-06-07 18:44:16.077333,6.676717547096542,6.294916775900512,4.340774494617782,hammocking,-0.00017924309436574768,-0.00036950900366519235,-0.0005766595815611205,369.38866454788894,0.08522554103787489,0.0743772285549612,0.08877541171915547,52.37720727933334,4.877954919333333,11.929067435216666,0.055666667223333334,43.819999504833326,11.751527293166667,9.21505626035,-61.15963787452499,-28.269764212586665,2.4991719802492196
2023-06-07 18:45:16.077333,6.469957857985907,6.2108680588268665,4.662213519098081,hammocking,0.0020841586676095493,-0.004435459158403538,1.9157643404139723e-07,366.41633943133326,0.0690196839704678,0.0660597064241621,0.10966479203621632,52.37718039633334,4.877881849666666,19.103054284333336,0.06483333309499999,35.97500038166667,11.306280548833332,7.602381777833333,-60.535459426855,-28.89316794869334,0.08289697376135655
2023-06-07 18:46:16.077333,6.922795726439141,6.128438170936395,4.176057580672837,hammocking,-0.0002372454361183966,-0.0014573493240609846,-0.000500130401575653,355.8354886535555,0.09422884127263355,0.07591215773715584,0.06633212619662729,52.377179340666665,4.877915202333335,19.864546782666665,0.12899999991333336,93.56333426233333,11.052650244333334,6.6733366012,-61.588831797853324,-27.841743502916668,4.126165983998929
2023-06-07 18:47:16.077333,6.952671453070533,6.133240068218198,4.117578355933417,hammocking,-0.0025321750358631573,0.001318775284204969,-0.0008627560921278481,349.9898395960001,0.08704228115790263,0.07155683162577639,0.08091718440581565,52.37719392566666,4.8779122365,14.49199175905,0.093166666975,73.80500054248334,10.789377959666666,6.504462337483332,-61.75998967737,-27.857936966828333,4.752961304514136
2023-06-07 18:48:16.077333,6.903250830957687,6.098311009088574,4.261601468240953,hammocking,0.002264948406931011,-0.003964229139600059,-0.00026029538854794546,351.45848892066664,0.08809474690066045,0.0715033116992473,0.07065015555440515,52.377210664666656,4.877904080333334,7.176660265076666,0.09800000042166664,85.30499877833333,11.442905505166664,8.250217223233333,-61.77434704086666,-27.586769590324998,3.66349522821461
2023-06-07 18:49:16.077333,6.882985386065347,6.054104656330733,4.347510242916364,hammocking,0.00016001687783939137,-0.0014836344379356248,-0.0006282788467162524,341.215441103253,0.07964605918254071,0.06462276625551487,0.0717145775475806,52.377205620545446,4.877936637636364,7.893546720187271,0.1119999996618182,91.0927262718182,10.704849781090907,6.637564945272726,-61.987676499924135,-27.54184105763367,3.044107094406841
2023-06-07 18:50:16.077333,,,,,,,,,,,,,,,,,,,,,
2023-06-07 18:51:16.077333,,,,,,,,,,,,,,,,,,,,,
2023-06-07 18:52:16.077333,,,,,,,,,,,,,,,,,,,,,
2023-06-07 18:53:16.077333,,,,,,,,,,,,,,,,,,,,,
2023-06-07 18:54:16.077333,,,,,,,,,,,,,,,,,,,,,
2023-06-07 18:55:16.077333,,,,,,,,,,,,,,,,,,,,,
2023-06-07 18:56:16.077333,6.567255782755047,2.2736898939442463,7.302893582712921,hammocking,-0.0029140505670707632,0.004583656708437865,0.009559340185400556,188.63190763280002,0.02414703369139704,-0.0005414430147628564,0.010944728380393844,52.37720832428572,4.878021655714286,-1.3150625912857155,0.7242857281571429,215.91428919999998,31.789764948571428,47.97666941057143,-63.28191708600135,-9.791079773276278,-14.314581399729198
2023-06-07 18:57:16.077333,7.628218401518093,1.5684841868233792,6.589104261581496,hammocking,0.0013898476417580998,-0.002599445029268977,0.002171486869270005,233.25608400773334,0.06715493557965233,0.007829222179683097,0.08965659915608579,52.37715193116666,4.877888289666668,23.844582856999995,0.01649999991,16.753333028333333,12.722139088349998,15.483348640066668,-68.74462783812167,-5.6826256900221175,-6.188118449627935
2023-06-07 18:58:16.077333,7.120065317537761,1.3231241041821737,7.246114915234802,hammocking,-0.00042848966312593524,-0.0006640007329182946,0.0004426108202894911,226.34723407065553,0.10586171805905953,0.011629507360744907,0.11672022502874844,52.377165802666674,4.877920360833334,20.644556947500003,0.0,0.0,11.581834793333332,8.325706466099998,-67.817090311045,-1.9024455950244168,-11.290040412514111
2023-06-07 18:59:16.077333,7.062305704578535,0.9396995796687433,7.366016604487346,hammocking,-8.173261940636388e-05,-0.00511548627504596,0.001057102498837346,53.30347720662779,0.0888279086765138,0.004600749191912846,0.15106264850184584,52.377174786999994,4.8779305891666676,18.987299142666664,0.0,0.0,11.7903257055,8.108322866833333,-66.69978179230166,1.8944118958615135,-11.441212651694794
2023-06-07 19:00:16.077333,7.180547396747321,0.7842829954193022,7.2775502931822444,hammocking,-0.0006369218298696899,0.00423204773810166,-0.00010505417023339375,18.176025622666668,0.10398861575603356,0.0032818479834028436,0.1197785056397709,52.37717375533334,4.877926717333334,19.357346504833334,0.0,0.0,12.642398421,8.810520633116665,-66.82830874948166,3.6736252992948333,-10.831505456253895
2023-06-07 19:01:16.077333,7.177667535852332,0.78808596346899,7.257417629283888,hammocking,-0.00035712379187393393,-0.005539904241661307,-0.00019857448722026896,17.951025686366666,0.08880223175220547,0.002994264072426338,0.11178532888885655,52.377173412333335,4.877930363166667,19.20045218433334,0.0,0.0,13.224586565999997,8.939995185649998,-66.929251551865,3.5542401672983335,-10.822959355229349
2023-06-07 19:02:16.077333,7.17623289863752,0.7958768235775576,7.256778477266035,hammocking,-0.000508260853077373,-0.0035147482583350346,-0.0002198077824753409,17.873775690811115,0.072344637836708,0.002500255915893559,0.12292300952621966,52.377177559166675,4.877933557166667,18.190550825999996,0.0,0.0,13.17646567,8.813111662816665,-67.04799214294835,3.5083986665125,-10.671707821740723
2023-06-07 19:03:16.077333,7.176095872547349,0.796250622694783,7.267626389066125,hammocking,-0.0004050837670724512,-0.003130734337458251,-0.0001380536060504875,17.802876758318583,0.09767374409135283,0.002850551455100694,0.1126767086335192,52.37717828711112,4.877931059111111,18.291384886444444,0.0,0.0,14.49930186822222,9.882755640155555,-66.96244631492478,3.512504089740044,-10.887479522919227
