"Time (s)","Latitude (°)","Longitude (°)","Height (m)","Velocity (m/s)","Direction (°)","Horizontal Accuracy (m)","Vertical Accuracy (m)"
5.935905120E-1,5.235641340E1,4.849344600E0,2.193214117E0,0.000000000E0,0.000000000E0,5.284600067E1,1.839349151E0
2.955228540E0,5.235600834E1,4.848285740E0,-1.033839851E1,2.880000114E0,2.156999969E2,2.086402702E1,1.956295013E1
3.956133175E0,5.235594995E1,4.848075880E0,1.612764865E-1,3.539999962E0,2.255000000E2,1.368025494E1,1.215892410E1
4.955721248E0,5.235595838E1,4.847912190E0,5.159607014E0,4.130000114E0,2.370000000E2,1.252190590E1,1.133183289E1
5.955444998E0,5.235589094E1,4.847892690E0,8.264115411E0,4.670000076E0,2.116000061E2,1.148570538E1,1.084782791E1
6.955924112E0,5.235589593E1,4.847795140E0,5.222562258E0,3.650000095E0,2.198000031E2,9.514546394E0,8.794034004E0
7.956095361E0,5.235583999E1,4.847819890E0,6.814783204E0,4.000000000E0,2.053999939E2,8.283819199E0,8.289203644E0
8.956869528E0,5.235582214E1,4.847776040E0,6.643651335E0,4.110000134E0,2.133999939E2,6.994849682E0,8.161326408E0
9.958392496E0,5.235578425E1,4.847700290E0,5.536437802E0,4.449999809E0,2.101999969E2,6.346330643E0,8.110045433E0
1.095511354E1,5.235573987E1,4.847685170E0,9.748219850E0,4.159999847E0,2.028000031E2,6.035213470E0,7.563092232E0
1.195540062E1,5.235569748E1,4.847677550E0,8.654283916E0,4.590000153E0,1.935000000E2,5.461195946E0,6.633092880E0
1.295616010E1,5.235565524E1,4.847671970E0,1.045494165E1,4.469999790E0,1.923000031E2,4.835807800E0,5.867650986E0
1.395541406E1,5.235561460E1,4.847677630E0,8.276115930E0,4.260000229E0,1.836999969E2,4.218173027E0,5.178380966E0
1.495661926E1,5.235557232E1,4.847689550E0,9.258546396E0,4.260000229E0,1.786999969E2,4.073315144E0,4.968195438E0
1.595523088E1,5.235553031E1,4.847702870E0,5.955943869E0,4.389999866E0,1.768000031E2,3.996486664E0,4.843542576E0
1.695575010E1,5.235548950E1,4.847710420E0,6.185749367E0,4.199999809E0,1.785000000E2,4.252737999E0,4.845974445E0
1.795740182E1,5.235544831E1,4.847717180E0,6.548671551E0,4.369999886E0,1.778000031E2,4.097020626E0,4.752972603E0
1.895622072E1,5.235540492E1,4.847724650E0,6.911957270E0,4.679999828E0,1.791999969E2,4.036616325E0,4.559772968E0
1.995621062E1,5.235535980E1,4.847733600E0,6.401034871E0,4.769999981E0,1.778000031E2,4.161726475E0,4.440246582E0
2.095487572E1,5.235529745E1,4.847757520E0,6.049581793E0,5.000000000E0,1.833999939E2,4.006658554E0,4.280737877E0
2.195637208E1,5.235525191E1,4.847764310E0,6.081504239E0,5.559999943E0,1.713000031E2,4.022365570E0,4.112258911E0
2.295567025E1,5.235520052E1,4.847773710E0,6.467545959E0,5.909999847E0,1.741000061E2,4.459906578E0,4.238694191E0
2.395562233E1,5.235514700E1,4.847788000E0,6.984263778E0,6.039999962E0,1.725000000E2,5.748081684E0,4.173185349E0
2.495594442E1,5.235509901E1,4.847805860E0,6.700820516E0,5.360000134E0,1.723999939E2,6.198217869E0,4.168288231E0
2.595657640E1,5.235503388E1,4.847807770E0,4.230515399E0,5.159999847E0,1.741000061E2,6.448414326E0,4.203893185E0
2.695607962E1,5.235500347E1,4.847774450E0,4.921371497E0,4.130000114E0,1.743000031E2,5.064310551E0,4.056451321E0
2.795469681E1,5.235496145E1,4.847812030E0,4.539864480E0,5.000000000E0,1.370000000E2,4.555928707E0,4.061347485E0
2.895605129E1,5.235493753E1,4.847859890E0,4.847170520E0,5.190000057E0,1.045000000E2,4.439098835E0,4.060826778E0
2.995728895E1,5.235493538E1,4.847929250E0,4.546365198E0,4.940000057E0,8.590000153E1,4.401136875E0,4.031741619E0
3.095553343E1,5.235493227E1,4.847992690E0,4.543589785E0,4.849999905E0,8.819999695E1,4.478416920E0,4.085968971E0
3.195660692E1,5.235491992E1,4.848055050E0,4.399443364E0,4.639999866E0,8.819999695E1,4.566595078E0,4.174600601E0
3.295636025E1,5.235492351E1,4.848118570E0,5.081980131E0,4.739999771E0,8.680000305E1,4.852663040E0,4.366113186E0
3.395698072E1,5.235492868E1,4.848178230E0,5.449941695E0,4.480000019E0,8.609999847E1,5.431694508E0,4.537794590E0
3.495520848E1,5.235493551E1,4.848237400E0,5.855319856E0,4.449999809E0,8.330000305E1,5.344461918E0,4.693307877E0
3.595712676E1,5.235494273E1,4.848298510E0,6.379901343E0,4.389999866E0,8.180000305E1,5.615705967E0,4.743811607E0
3.695671743E1,5.235494527E1,4.848369020E0,6.963197503E0,4.780000210E0,8.650000000E1,6.448527336E0,4.954979897E0
3.795448650E1,5.235496007E1,4.848436830E0,8.293823761E0,4.360000134E0,8.880000305E1,6.781638622E0,5.166375637E0
3.895622774E1,5.235498474E1,4.848502450E0,1.016157198E1,4.980000019E0,6.190000153E1,7.157901764E0,5.224359512E0
3.995620118E1,5.235500066E1,4.848558580E0,1.100263009E1,4.079999924E0,6.750000000E1,8.302895546E0,5.268357754E0
4.095404842E1,5.235499522E1,4.848627630E0,9.715919095E0,4.849999905E0,9.359999847E1,9.274536133E0,5.625352383E0
4.195580410E1,5.235497444E1,4.848691380E0,8.754684009E0,4.090000153E0,9.150000000E1,9.361110687E0,5.898374081E0
4.295489186E1,5.235492769E1,4.848762890E0,8.958089807E0,5.079999924E0,8.380000305E1,7.296796322E0,5.384330273E0
4.395720368E1,5.235493246E1,4.848826940E0,9.217715938E0,4.000000000E0,9.050000000E1,7.222324371E0,5.446375847E0
4.495527186E1,5.235493892E1,4.848872470E0,9.800881129E0,3.539999962E0,8.919999695E1,7.079387665E0,5.271695137E0
4.595533134E1,5.235493701E1,4.848919900E0,1.077252444E1,3.980000019E0,9.059999847E1,6.605970860E0,5.083625793E0
4.695617957E1,5.235490148E1,4.848945840E0,1.079311942E1,2.930000067E0,9.109999847E1,6.041821003E0,5.096888542E0
4.795509675E1,5.235490986E1,4.849008680E0,1.170765715E1,3.500000000E0,9.509999847E1,5.614384651E0,4.919516563E0
4.895677186E1,5.235492913E1,4.849078050E0,1.137428911E1,3.359999895E0,8.319999695E1,5.588615894E0,4.893450737E0
4.995624092E1,5.235494583E1,4.849154160E0,1.103524509E1,4.119999886E0,8.719999695E1,5.638109684E0,4.986579895E0
5.095548894E1,5.235496339E1,4.849227600E0,9.790011768E0,3.920000076E0,8.619999695E1,5.866601467E0,5.189230919E0
5.195728560E1,5.235496078E1,4.849286470E0,1.152167046E1,3.950000048E0,9.500000000E1,6.301730633E0,5.438335419E0
5.296212404E1,5.235495546E1,4.849384530E0,9.990957795E0,5.050000191E0,8.759999847E1,5.225529194E0,5.052068233E0
5.395757217E1,5.235497252E1,4.849474730E0,1.066882914E1,5.230000019E0,8.780000305E1,4.801531792E0,4.768673420E0
5.495577467E1,5.235496410E1,4.849547310E0,1.104691092E1,4.440000057E0,8.940000153E1,4.613750935E0,4.730974674E0
5.595565149E1,5.235495310E1,4.849609350E0,1.053997323E1,4.940000057E0,9.400000000E1,4.889896393E0,4.820272923E0
5.695525050E1,5.235494877E1,4.849694540E0,9.999733057E0,5.840000153E0,8.269999695E1,4.800165653E0,4.841150284E0
5.795478300E1,5.235495456E1,4.849766820E0,1.012563734E1,4.599999905E0,9.269999695E1,4.721789360E0,4.788741112E0
5.895623180E1,5.235495456E1,4.849843630E0,1.003022263E1,5.139999866E0,8.890000153E1,4.813310623E0,4.811614037E0
5.995545138E1,5.235495254E1,4.849918750E0,9.149647858E0,5.280000210E0,9.400000000E1,5.265510082E0,4.937674522E0
6.095348560E1,5.235495786E1,4.849986470E0,9.400060570E0,4.820000172E0,8.669999695E1,5.033091545E0,4.828273773E0
6.195683289E1,5.235495552E1,4.850057080E0,9.213879724E0,4.840000153E0,9.130000305E1,5.296306610E0,4.819875717E0
6.296746487E1,5.235495237E1,4.850130390E0,8.956471271E0,5.050000191E0,9.419999695E1,5.761413097E0,4.900321960E0
6.395654940E1,5.235495067E1,4.850194090E0,8.490746325E0,4.789999962E0,9.240000153E1,1.086592865E1,4.889900208E0
6.495545487E1,5.235496127E1,4.850261800E0,9.886674254E0,4.699999809E0,8.430000305E1,1.044743443E1,4.379624367E0
6.595726211E1,5.235495323E1,4.850341950E0,8.667653994E0,4.820000172E0,8.540000153E1,1.031803131E1,4.133840084E0
6.695636190E1,5.235493620E1,4.850410560E0,7.839483605E0,4.940000057E0,9.130000305E1,1.031439304E1,4.112674713E0
6.795621878E1,5.235493631E1,4.850488790E0,7.980825238E0,4.989999771E0,8.919999695E1,1.036006832E1,4.045819759E0
6.895535549E1,5.235493571E1,4.850560760E0,8.151886388E0,4.960000038E0,9.130000305E1,1.033205605E1,4.083856106E0
6.995536180E1,5.235493716E1,4.850635330E0,8.412429453E0,4.989999771E0,9.090000153E1,1.038638210E1,4.151512623E0
7.095815789E1,5.235493662E1,4.850710400E0,8.442989544E0,5.250000000E0,8.980000305E1,1.044827557E1,4.251335144E0
7.195649013E1,5.235493773E1,4.850784220E0,9.280863242E0,4.860000134E0,8.969999695E1,1.039990330E1,4.203157902E0
7.295594008E1,5.235492456E1,4.850851160E0,9.104003459E0,4.849999905E0,9.269999695E1,1.033862209E1,3.996354580E0
7.395546794E1,5.235492925E1,4.850924540E0,1.090446738E1,4.780000210E0,8.300000000E1,1.031915855E1,3.960117579E0
7.495570174E1,5.235492655E1,4.851004150E0,9.881377151E0,5.570000172E0,9.330000305E1,1.026889801E1,3.868536472E0
7.595987127E1,5.235492873E1,4.851081550E0,1.007295314E1,5.340000153E0,8.609999847E1,1.017221069E1,3.615614176E0
7.695551882E1,5.235493154E1,4.851161600E0,9.770574031E0,5.650000095E0,8.859999847E1,1.023141670E1,3.509356022E0
7.795495934E1,5.235493112E1,4.851240030E0,1.006804297E1,5.420000076E0,9.219999695E1,1.008538246E1,3.371350765E0
7.895575716E1,5.235492706E1,4.851309030E0,1.116896815E1,4.880000114E0,1.000000000E2,1.006988811E1,3.289867640E0
7.995524190E1,5.235491002E1,4.851383670E0,1.108872603E1,5.190000057E0,1.160000000E2,1.001832390E1,3.135529041E0
8.095469789E1,5.235486004E1,4.851448760E0,9.058603055E0,5.280000210E0,1.213000031E2,1.012422943E1,3.385145664E0
8.195563710E1,5.235485341E1,4.851524840E0,9.380781155E0,4.940000057E0,1.095000000E2,1.055927944E1,4.202472687E0
8.295520835E1,5.235483773E1,4.851579010E0,9.543510094E0,3.910000086E0,1.139000015E2,1.158885765E1,5.279950619E0
8.395465877E1,5.235481998E1,4.851650690E0,9.289559208E0,5.269999981E0,1.135000000E2,1.343957138E1,6.410126686E0
8.495466861E1,5.235482253E1,4.851723220E0,8.867119241E0,5.349999905E0,9.609999847E1,1.326244640E1,7.546864510E0
8.595674575E1,5.235482086E1,4.851788420E0,9.316861508E0,5.110000134E0,8.940000153E1,1.388210297E1,8.504274368E0
8.695560064E1,5.235481756E1,4.851877570E0,7.343214413E0,6.070000172E0,9.030000305E1,1.416596889E1,9.030940056E0
8.795486710E1,5.235481461E1,4.851958140E0,6.929560422E0,5.139999866E0,9.309999847E1,1.425756073E1,9.214798927E0
8.895589668E1,5.235481833E1,4.852040650E0,6.881090252E0,5.170000076E0,9.159999847E1,1.463840580E1,9.729624748E0
8.995529549E1,5.235481242E1,4.852102530E0,7.195997993E0,4.929999828E0,9.409999847E1,1.480574894E1,1.002381706E1
9.095561554E1,5.235479661E1,4.852196000E0,6.976608286E0,5.639999866E0,1.076999969E2,1.553006458E1,1.013353539E1
9.195492215E1,5.235479911E1,4.852289890E0,6.109661517E0,5.409999847E0,8.959999847E1,1.479334831E1,1.003533459E1
9.295508585E1,5.235478768E1,4.852380090E0,6.681413769E0,5.380000114E0,9.630000305E1,1.469085312E1,9.890654564E0
9.395617444E1,5.235478616E1,4.852463980E0,6.556032741E0,5.780000210E0,9.430000305E1,1.476101208E1,9.837025642E0
9.495455330E1,5.235478646E1,4.852535760E0,6.139692698E0,5.420000076E0,9.459999847E1,1.475066662E1,9.696837425E0
9.595451913E1,5.235477875E1,4.852610090E0,6.467117294E0,5.440000057E0,9.440000153E1,1.461119270E1,9.388888359E0
9.695600835E1,5.235477387E1,4.852683960E0,6.622060246E0,5.239999771E0,9.409999847E1,1.437806034E1,8.970913887E0
9.795586319E1,5.235476804E1,4.852766120E0,6.658964651E0,5.019999981E0,9.159999847E1,1.394769955E1,8.299375534E0
9.895523439E1,5.235476241E1,4.852846840E0,7.150580419E0,4.750000000E0,9.319999695E1,1.356424046E1,7.563550472E0
9.995646715E1,5.235477313E1,4.852936560E0,6.014172573E0,3.849999905E0,7.980000305E1,1.273899651E1,6.820470810E0
1.009549141E2,5.235477241E1,4.852986070E0,5.948037989E0,2.559999943E0,1.084000015E2,1.222274399E1,6.353325367E0
1.019579012E2,5.235479222E1,4.853066480E0,6.729972500E0,3.210000038E0,9.019999695E1,1.116266155E1,5.470266342E0
1.029561674E2,5.235478791E1,4.853123490E0,6.113544230E0,3.730000019E0,9.580000305E1,1.089640427E1,4.848427296E0
1.039578450E2,5.235477232E1,4.853148470E0,7.118175411E0,2.210000038E0,1.005999985E2,1.047838497E1,4.589486122E0
1.049558276E2,5.235476300E1,4.853199040E0,4.621670476E0,2.200000048E0,8.630000305E1,1.028799152E1,4.082959652E0
1.059571798E2,5.235476925E1,4.853258870E0,5.035654166E0,3.160000086E0,9.890000153E1,9.935046196E0,3.513642311E0
1.069544804E2,5.235476839E1,4.853308850E0,5.301184695E0,3.250000000E0,1.028000031E2,9.935046196E0,3.517552853E0
1.079561488E2,5.235476437E1,4.853335930E0,5.904771319E0,2.680000067E0,1.145000000E2,1.000322437E1,3.679323435E0
1.089555973E2,5.235475873E1,4.853380780E0,5.935428899E0,2.960000038E0,1.065999985E2,9.935046196E0,3.418321133E0
1.099564950E2,5.235475172E1,4.853419070E0,5.319291223E0,3.099999905E0,9.419999695E1,9.935046196E0,3.213333368E0
1.109552270E2,5.235474480E1,4.853458650E0,6.215483518E0,2.819999933E0,1.024000015E2,9.935046196E0,3.029938936E0
1.119570705E2,5.235473741E1,4.853500300E0,6.471173417E0,3.160000086E0,1.008000031E2,9.935046196E0,2.937206030E0
1.129596764E2,5.235473090E1,4.853541940E0,6.751583784E0,2.890000105E0,1.041999969E2,9.935046196E0,3.035685778E0
1.139558949E2,5.235472641E1,4.853593100E0,6.790303255E0,4.059999943E0,9.919999695E1,9.935046196E0,3.031982422E0
1.149564775E2,5.235472214E1,4.853650570E0,7.181138489E0,3.829999924E0,9.850000000E1,9.935046196E0,3.144999504E0
1.159544116E2,5.235471678E1,4.853711440E0,5.729933136E0,4.500000000E0,9.940000153E1,9.935046196E0,3.232536077E0
1.169593687E2,5.235470942E1,4.853779230E0,5.165020466E0,4.849999905E0,1.020000000E2,9.935046196E0,3.337000608E0
1.179555107E2,5.235470030E1,4.853839860E0,5.111819949E0,3.880000114E0,1.053000031E2,1.001949787E1,3.494348288E0
1.189543392E2,5.235469017E1,4.853888010E0,5.573015116E0,3.339999914E0,1.085000000E2,1.009522724E1,3.509294510E0
1.199546802E2,5.235468441E1,4.853937120E0,6.810095880E0,3.839999914E0,1.013000031E2,1.004301167E1,3.456451178E0
1.209547645E2,5.235470047E1,4.854035750E0,6.470392563E0,6.110000134E0,8.350000000E1,1.001301670E1,3.343269348E0
1.219561313E2,5.235470335E1,4.854119900E0,7.055528115E0,5.119999886E0,8.969999695E1,1.007534409E1,3.387338400E0
1.229553964E2,5.235469467E1,4.854205430E0,6.931969031E0,5.699999809E0,9.830000305E1,1.033243752E1,3.573741674E0
1.239547945E2,5.235469473E1,4.854276190E0,7.243045055E0,5.210000038E0,9.100000000E1,1.035019588E1,3.657910347E0
1.249546605E2,5.235469617E1,4.854339020E0,7.140361121E0,4.650000095E0,8.390000153E1,1.049993896E1,3.778381109E0
1.259551432E2,5.235469679E1,4.854388990E0,8.316904465E0,3.720000029E0,8.559999847E1,1.058708382E1,3.910218000E0
1.269542258E2,5.235470348E1,4.854447480E0,9.253043762E0,4.070000172E0,8.050000000E1,1.038991642E1,3.819252729E0
1.279554777E2,5.235472359E1,4.854478690E0,1.253543862E1,2.519999981E0,5.990000153E1,1.038755512E1,3.776418686E0
1.289566161E2,5.235473463E1,4.854541320E0,1.334835644E1,4.380000114E0,6.950000000E1,1.041140842E1,3.714700699E0
1.299546064E2,5.235472208E1,4.854617050E0,1.209893178E1,4.880000114E0,8.540000153E1,1.043286896E1,3.708236933E0
1.309557752E2,5.235472756E1,4.854665240E0,1.265377682E1,4.289999962E0,8.040000153E1,1.065337467E1,3.835911989E0
1.319590181E2,5.235472862E1,4.854745520E0,1.210151745E1,4.730000019E0,8.350000000E1,1.115821075E1,4.026765823E0
1.329554106E2,5.235474386E1,4.854818410E0,1.257197881E1,4.670000076E0,7.800000000E1,1.180584908E1,4.093552113E0
1.339575511E2,5.235476841E1,4.854966990E0,1.158540459E1,6.610000134E0,7.640000153E1,1.218167973E1,4.077006340E0
1.349568234E2,5.235476475E1,4.855075980E0,1.157105797E1,6.630000114E0,8.500000000E1,1.307021332E1,4.423878670E0
1.359571903E2,5.235478786E1,4.855147080E0,1.196993512E1,5.849999905E0,7.540000153E1,1.377457809E1,4.739668846E0
1.369561948E2,5.235480695E1,4.855149490E0,1.115581537E1,3.759999990E0,5.970000076E1,1.373013687E1,4.967105389E0
1.379563631E2,5.235476597E1,4.855162350E0,1.092035263E1,1.960000038E0,8.859999847E1,1.168220615E1,5.024698257E0
1.389555646E2,5.235480970E1,4.855212100E0,1.102194419E1,4.079999924E0,4.429999924E1,1.122681999E1,5.028790951E0
1.399570193E2,5.235484774E1,4.855254360E0,1.228697558E1,3.799999952E0,5.770000076E1,1.109607887E1,5.036763191E0
1.409573516E2,5.235485705E1,4.855236550E0,1.131108728E1,6.000000238E-1,5.290000153E1,1.083707809E1,5.019811153E0
1.419569312E2,5.235484992E1,4.855236450E0,1.196982965E1,5.899999738E-1,5.340000153E1,1.055837440E1,4.729451180E0
1.429570869E2,5.235486498E1,4.855232110E0,1.158465543E1,3.499999940E-1,5.270000076E1,1.054922199E1,4.871636868E0
1.439569362E2,5.235486618E1,4.855230680E0,1.132098442E1,3.499999940E-1,5.279999924E1,1.057697105E1,5.058300018E0
1.450752267E2,5.235511940E1,4.855228800E0,2.094791730E0,0.000000000E0,0.000000000E0,2.119099998E1,2.849157810E0
1.475794311E2,5.235504815E1,4.855337970E0,4.247462214E1,3.130000114E0,6.980000305E1,1.850436592E1,1.761395836E1
1.485806164E2,5.235507489E1,4.855420180E0,3.992136236E1,3.230000019E0,5.690000153E1,1.011307621E1,1.055869579E1
1.495816010E2,5.235509025E1,4.855483150E0,3.965811457E1,3.089999914E0,6.409999847E1,8.572307587E0,9.117354393E0
1.505805878E2,5.235509654E1,4.855531300E0,4.069715262E1,1.360000014E0,6.090000153E1,8.560036659E0,9.012649536E0
1.515814738E2,5.235510184E1,4.855575710E0,4.346958557E1,2.160000086E0,7.590000153E1,8.881724358E0,9.092955589E0
1.525822093E2,5.235510312E1,4.855625900E0,4.177582968E1,2.269999981E0,8.430000305E1,9.525659561E0,8.916015625E0
1.535812472E2,5.235509993E1,4.855700120E0,4.048680548E1,4.570000172E0,8.469999695E1,9.341433525E0,8.672063828E0
1.545812988E2,5.235509622E1,4.855790670E0,3.504123479E1,4.679999828E0,8.059999847E1,9.223682404E0,8.086493492E0
1.555815705E2,5.235504599E1,4.856011880E0,3.127206568E1,5.860000134E0,8.080000305E1,8.213932037E0,7.316668987E0
1.565801853E2,5.235507644E1,4.856122630E0,3.147248967E1,6.380000114E0,8.030000305E1,8.551339149E0,7.044899464E0
1.575818279E2,5.235509820E1,4.856217890E0,2.943632027E1,6.360000134E0,6.909999847E1,8.058542252E0,6.793060780E0
1.585805836E2,5.235511356E1,4.856317350E0,2.989202662E1,6.460000038E0,7.509999847E1,8.978437424E0,6.922075272E0
1.595819136E2,5.235508722E1,4.856371100E0,2.721221103E1,5.559999943E0,8.600000000E1,9.799691200E0,6.957702637E0
1.605818222E2,5.235509762E1,4.856452260E0,2.685893990E1,5.019999981E0,7.509999847E1,9.762992859E0,6.683270931E0
1.615804796E2,5.235512951E1,4.856545160E0,2.551534929E1,5.360000134E0,7.300000000E1,9.264985085E0,6.304942608E0
1.625807788E2,5.235509836E1,4.856573810E0,2.551855691E1,2.920000076E0,1.288999939E2,7.367228985E0,5.704644680E0
1.635813907E2,5.235511251E1,4.856639540E0,2.640881243E1,3.490000010E0,8.280000305E1,7.357625961E0,5.487930298E0
1.645809950E2,5.235512144E1,4.856720030E0,2.778960867E1,4.599999905E0,7.659999847E1,7.316055298E0,5.413850307E0
1.655795675E2,5.235513253E1,4.856802600E0,2.836328025E1,4.190000057E0,8.490000153E1,7.144116402E0,5.237483978E0
1.665831757E2,5.235513483E1,4.856855990E0,2.893222295E1,4.179999828E0,8.769999695E1,7.092845440E0,5.184894085E0
1.675801468E2,5.235513618E1,4.856963980E0,2.873557079E1,5.960000038E0,9.450000000E1,7.025152206E0,5.208003521E0
1.685813378E2,5.235514510E1,4.857042380E0,3.029416123E1,4.619999886E0,9.309999847E1,7.485618114E0,5.533274651E0
1.695821066E2,5.235514069E1,4.857127610E0,3.007868902E1,4.820000172E0,9.150000000E1,7.457455158E0,5.527325153E0
1.705808788E2,5.235516002E1,4.857226720E0,3.053586560E1,4.730000019E0,8.590000153E1,7.697953701E0,5.718997478E0
1.715819847E2,5.235516105E1,4.857288930E0,3.087879841E1,4.639999866E0,8.809999847E1,8.316360474E0,5.965252876E0
1.725829285E2,5.235514962E1,4.857406400E0,2.895276365E1,5.320000172E0,9.130000305E1,8.630336761E0,5.909672260E0
1.735808787E2,5.235514052E1,4.857464950E0,2.750136860E1,3.170000076E0,9.240000153E1,8.002054214E0,5.998200417E0
1.745806282E2,5.235512739E1,4.857553730E0,2.706493892E1,4.880000114E0,9.080000305E1,7.939832687E0,6.013025761E0
1.755815768E2,5.235511510E1,4.857623170E0,2.479128005E1,4.920000076E0,8.750000000E1,8.228314400E0,6.262145042E0
1.765905542E2,5.235511094E1,4.857675900E0,2.451701260E1,4.260000229E0,9.530000305E1,8.910104752E0,6.778440952E0
1.775815104E2,5.235510966E1,4.857746450E0,2.497029854E1,4.420000076E0,9.569999695E1,9.451517105E0,6.968028069E0
1.785816440E2,5.235511036E1,4.857815780E0,2.442560072E1,4.369999886E0,9.380000305E1,1.007528019E1,6.851302147E0
1.795797161E2,5.235511890E1,4.857882370E0,2.393535570E1,4.380000114E0,8.969999695E1,1.116400146E1,6.823725700E0
1.805797034E2,5.235511446E1,4.857929930E0,2.467628264E1,4.130000114E0,9.300000000E1,1.136314678E1,6.455881596E0
1.815824554E2,5.235513846E1,4.857988610E0,2.444594247E1,4.309999943E0,7.850000000E1,1.103836536E1,6.864242554E0
1.825813908E2,5.235514742E1,4.858017170E0,2.492631820E1,3.519999981E0,7.590000153E1,1.268403530E1,8.209841728E0
1.835813482E2,5.235515029E1,4.858045250E0,2.626764701E1,2.730000019E0,8.719999695E1,1.510665417E1,9.867026329E0
1.845803643E2,5.235515003E1,4.858083070E0,2.622457763E1,3.190000057E0,8.700000000E1,1.874525642E1,1.163209915E1
1.855815443E2,5.235515756E1,4.858121200E0,2.699682699E1,2.960000038E0,8.309999847E1,2.215222931E1,1.318842793E1
1.865811297E2,5.235516516E1,4.858176390E0,2.768143979E1,4.820000172E0,7.940000153E1,2.116980171E1,1.411192703E1
1.875852830E2,5.235517199E1,4.858240470E0,2.765463086E1,4.489999771E0,7.919999695E1,2.227130890E1,1.520503902E1
1.885812504E2,5.235517350E1,4.858306690E0,2.760749098E1,4.800000191E0,8.650000000E1,2.413273430E1,1.648450089E1
1.895816434E2,5.235517829E1,4.858372010E0,2.931236935E1,4.250000000E0,8.880000305E1,2.462324333E1,1.689271545E1
1.905799868E2,5.235519015E1,4.858436930E0,3.021556064E1,4.820000172E0,8.230000305E1,2.396509933E1,1.704929924E1
1.915798067E2,5.235520558E1,4.858497900E0,3.007822733E1,3.650000095E0,6.900000000E1,2.286083031E1,1.672994995E1
1.925836490E2,5.235522547E1,4.858562620E0,2.853312657E1,4.650000095E0,6.090000153E1,2.326673889E1,1.662907410E1
1.935804590E2,5.235524796E1,4.858635020E0,2.624523604E1,4.809999943E0,6.029999924E1,2.375809097E1,1.553125668E1
1.945808527E2,5.235526724E1,4.858708120E0,2.637927744E1,4.309999943E0,6.459999847E1,2.335851288E1,1.465279293E1
1.955806834E2,5.235528978E1,4.858888220E0,2.602693491E1,5.539999962E0,6.709999847E1,2.209123039E1,1.326358032E1
1.965813044E2,5.235529816E1,4.858983140E0,2.590682319E1,5.000000000E0,7.669999695E1,2.181698799E1,1.223438549E1
1.975854136E2,5.235530607E1,4.859050640E0,2.473536443E1,4.840000153E0,7.069999695E1,2.065224075E1,1.120397377E1
1.985827360E2,5.235532241E1,4.859189160E0,2.353234224E1,5.150000095E0,7.200000000E1,1.869870186E1,1.004298306E1
1.995813191E2,5.235531411E1,4.859308320E0,2.020390806E1,4.989999771E0,7.669999695E1,1.452922535E1,8.486383438E0
2.005814320E2,5.235531460E1,4.859476690E0,1.472005806E1,5.050000191E0,6.709999847E1,1.221291256E1,7.572087765E0
2.015807783E2,5.235534286E1,4.859626410E0,1.153811621E1,5.840000153E0,6.170000076E1,1.039365482E1,6.689087391E0
2.025799114E2,5.235535815E1,4.859683870E0,1.062661077E1,4.929999828E0,6.100000000E1,9.323285103E0,6.026605606E0
2.035822588E2,5.235539709E1,4.859764510E0,1.216839899E1,6.099999905E0,4.959999847E1,9.095208168E0,5.753921032E0
2.045816198E2,5.235540713E1,4.859823200E0,1.187614958E1,5.019999981E0,6.500000000E1,9.072258949E0,5.646457195E0
2.055813570E2,5.235542807E1,4.859884830E0,1.158300165E1,4.800000191E0,5.890000153E1,9.931487083E0,5.699250698E0
2.065838826E2,5.235544910E1,4.859937910E0,1.128282987E1,4.659999847E0,5.650000000E1,1.169746399E1,5.784084320E0
2.075829614E2,5.235548045E1,4.860002010E0,1.142017895E1,5.070000172E0,5.579999924E1,1.469577312E1,5.585015297E0
2.085817153E2,5.235551457E1,4.860067230E0,1.204300620E1,5.179999828E0,5.409999847E1,1.584260845E1,5.884736538E0
2.095831493E2,5.235554470E1,4.860078500E0,1.382473229E1,4.369999886E0,5.179999924E1,1.375195599E1,5.737247944E0
2.105816955E2,5.235553824E1,4.860147670E0,1.262810782E1,4.610000134E0,5.759999847E1,1.354489326E1,5.604372978E0
2.115807833E2,5.235556891E1,4.860256200E0,1.328177795E1,5.139999866E0,6.190000153E1,1.350506687E1,5.644152164E0
2.125789421E2,5.235559934E1,4.860331270E0,1.284100707E1,5.059999943E0,5.950000000E1,1.368224621E1,5.598209381E0
2.135801472E2,5.235561340E1,4.860388660E0,1.307543492E1,4.670000076E0,6.279999924E1,1.387683964E1,5.598525047E0
2.145803534E2,5.235563145E1,4.860493690E0,1.355391440E1,5.260000229E0,6.540000153E1,1.447155380E1,5.902769089E0
2.155809595E2,5.235564977E1,4.860572350E0,1.429293813E1,5.260000229E0,6.559999847E1,1.504213142E1,5.854558945E0
2.165799684E2,5.235566551E1,4.860727740E0,1.415370659E1,6.320000172E0,6.840000153E1,1.482899284E1,5.842690468E0
2.175799707E2,5.235564519E1,4.860809910E0,1.366208722E1,5.929999828E0,8.130000305E1,1.515258598E1,5.839241505E0
2.185802752E2,5.235570311E1,4.860947320E0,1.282899590E1,6.010000229E0,5.770000076E1,1.327946949E1,5.611022949E0
2.195809297E2,5.235576195E1,4.861000870E0,1.499756652E1,5.329999924E0,4.870000076E1,1.285474300E1,5.561926365E0
2.205825331E2,5.235578026E1,4.861056970E0,1.503363534E1,5.449999809E0,5.870000076E1,1.280578518E1,5.606657982E0
2.215804368E2,5.235580554E1,4.861139470E0,1.543282733E1,6.090000153E0,6.730000305E1,1.265654755E1,5.533548832E0
2.225809389E2,5.235583068E1,4.861218870E0,1.582017652E1,5.269999981E0,7.130000305E1,1.201015377E1,5.236595154E0
2.235803054E2,5.235583695E1,4.861340890E0,1.628155940E1,4.469999790E0,6.669999695E1,1.173563290E1,5.197434425E0
2.245811661E2,5.235585063E1,4.861442120E0,1.348177127E1,4.949999809E0,6.250000000E1,1.135803413E1,4.884037971E0
2.255813707E2,5.235584415E1,4.861518150E0,1.179375669E1,4.840000153E0,6.869999695E1,1.131882668E1,4.814532757E0
2.265840363E2,5.235585835E1,4.861575610E0,1.159312619E1,4.579999924E0,6.540000153E1,1.145973682E1,4.615513802E0
2.275803061E2,5.235587009E1,4.861633320E0,1.124521454E1,4.769999981E0,6.930000305E1,1.184925556E1,4.517745018E0
2.285813955E2,5.235589676E1,4.861728900E0,1.194159620E1,5.449999809E0,6.969999695E1,1.192511940E1,4.613945961E0
2.295814381E2,5.235588621E1,4.861784540E0,1.199404265E1,5.239999771E0,7.169999695E1,1.216332531E1,4.699647903E0
2.305805903E2,5.235591116E1,4.861851090E0,1.416184071E1,5.079999924E0,6.419999695E1,1.173488426E1,4.611202717E0
2.315819022E2,5.235593889E1,4.862017440E0,1.186442923E1,4.690000057E0,8.459999847E1,1.193199348E1,4.859876156E0
2.325825216E2,5.235595302E1,4.862185960E0,8.209333861E0,6.090000153E0,8.100000000E1,1.164397240E1,4.816621780E0
2.335810417E2,5.235598972E1,4.862254760E0,8.254163899E0,5.320000172E0,5.159999847E1,1.163825798E1,4.865346432E0
2.345810326E2,5.235600397E1,4.862330280E0,8.014115175E0,4.679999828E0,7.159999847E1,1.188452053E1,5.019474030E0
2.355828326E2,5.235601855E1,4.862435590E0,7.959753038E0,6.230000019E0,8.509999847E1,1.169284153E1,4.797248363E0
2.365815129E2,5.235602663E1,4.862528750E0,8.555338137E0,6.630000114E0,7.800000000E1,1.159192753E1,4.602327347E0
2.375802930E2,5.235603357E1,4.862683080E0,6.005327022E0,5.809999943E0,8.419999695E1,1.127040672E1,4.349924564E0
2.385806520E2,5.235605804E1,4.862818080E0,4.672797671E0,6.239999771E0,7.100000000E1,1.110280704E1,4.212239742E0
2.395816372E2,5.235606954E1,4.862908440E0,4.773818093E0,5.769999981E0,8.019999695E1,1.119816685E1,4.264352798E0
2.405819664E2,5.235608435E1,4.863024580E0,6.125346318E0,5.900000095E0,8.030000305E1,1.097576046E1,4.071902752E0
2.415802108E2,5.235610440E1,4.863118520E0,6.995423796E0,5.550000191E0,7.840000153E1,1.083103848E1,3.854446888E0
2.425806753E2,5.235611665E1,4.863206530E0,6.849556713E0,6.039999962E0,8.059999847E1,1.112261486E1,4.077702999E0
2.435809530E2,5.235613636E1,4.863296690E0,6.698513371E0,6.389999866E0,7.459999847E1,1.104790306E1,4.013795376E0
2.445798862E2,5.235614696E1,4.863395720E0,6.904823175E0,6.469999790E0,7.740000153E1,1.173823071E1,4.803952694E0
2.455803479E2,5.235615919E1,4.863501820E0,6.621210149E0,7.500000000E0,7.890000153E1,1.288091373E1,6.135430336E0
2.465792325E2,5.235619895E1,4.863602780E0,7.433030821E0,7.949999809E0,6.190000153E1,1.396732903E1,7.378455162E0
2.475811116E2,5.235621529E1,4.863688040E0,7.329587339E0,6.889999866E0,7.409999847E1,1.544562912E1,8.729520798E0
2.485817543E2,5.235623269E1,4.863783040E0,7.193436122E0,7.150000095E0,7.590000153E1,1.749814415E1,1.007807636E1
2.495810982E2,5.235627304E1,4.863856040E0,8.373893847E0,6.449999809E0,6.869999695E1,1.924663925E1,1.125923729E1
2.505816822E2,5.235629855E1,4.863919290E0,9.117801644E0,5.929999828E0,6.940000153E1,2.265207672E1,1.250437260E1
2.515819354E2,5.235632545E1,4.863988340E0,9.156453511E0,5.710000038E0,6.609999847E1,2.701801872E1,1.321054173E1
2.525807101E2,5.235632410E1,4.864066160E0,9.088320221E0,5.900000095E0,8.230000305E1,2.835355377E1,1.388770771E1
2.535804820E2,5.235631989E1,4.864112470E0,9.052208195E0,5.019999981E0,8.369999695E1,2.913467598E1,1.420712376E1
2.545830240E2,5.235633086E1,4.864156860E0,8.869693069E0,4.360000134E0,8.350000000E1,2.863555145E1,1.429796696E1
2.555829927E2,5.235631613E1,4.864242300E0,8.324433541E0,5.789999962E0,8.769999695E1,2.550357056E1,1.408209515E1
2.565804763E2,5.235630945E1,4.864336780E0,7.980850702E0,5.710000038E0,8.159999847E1,2.398837090E1,1.386243057E1
2.575827142E2,5.235631314E1,4.864492120E0,6.042224771E0,6.320000172E0,9.130000305E1,2.203562737E1,1.320086670E1
2.585829873E2,5.235632378E1,4.864607750E0,5.820931906E0,6.150000095E0,8.440000153E1,2.025923920E1,1.250405598E1
2.595812053E2,5.235631076E1,4.864733050E0,5.280519545E0,6.289999962E0,8.659999847E1,1.888577271E1,1.193672562E1
2.605804015E2,5.235631128E1,4.864827960E0,4.629879209E0,5.900000095E0,8.650000000E1,1.913178062E1,1.142500687E1
2.615900658E2,5.235630020E1,4.864897740E0,6.497945859E0,5.000000000E0,7.790000153E1,1.872210884E1,1.102681732E1
2.625807304E2,5.235631789E1,4.864957600E0,7.375995982E0,5.070000172E0,7.290000153E1,1.766043472E1,1.047686863E1
2.635833100E2,5.235630323E1,4.865143610E0,7.501754020E0,6.570000172E0,8.180000305E1,1.459279823E1,9.344347000E0
2.645821053E2,5.235630494E1,4.865344170E0,4.143412612E0,5.789999962E0,8.609999847E1,1.351917076E1,8.631719589E0
2.655807773E2,5.235632047E1,4.865447790E0,6.966797435E0,6.130000114E0,7.219999695E1,1.287256050E1,7.855040073E0
2.665809964E2,5.235632676E1,4.865528090E0,7.408991262E0,5.469999790E0,7.750000000E1,1.268010807E1,7.361713409E0
2.675808064E2,5.235632903E1,4.865630060E0,7.062251503E0,6.309999943E0,8.069999695E1,1.209740162E1,6.536669731E0
2.685807718E2,5.235634469E1,4.865714430E0,6.819036053E0,6.260000229E0,7.740000153E1,1.174016953E1,5.928963661E0
2.695809056E2,5.235635498E1,4.865797290E0,6.947272140E0,5.909999847E0,7.640000153E1,1.158159065E1,5.527982712E0
2.705810242E2,5.235637239E1,4.865868170E0,7.731761334E0,5.079999924E0,6.469999695E1,1.177769756E1,5.293649673E0
2.715836468E2,5.235637451E1,4.865933750E0,7.023794323E0,4.550000191E0,7.080000305E1,1.153126335E1,4.874436378E0
2.725812133E2,5.235638815E1,4.865990940E0,7.300152644E0,4.670000076E0,7.540000153E1,1.160527134E1,4.733154297E0
2.735804394E2,5.235639523E1,4.866083340E0,5.703963449E0,6.480000019E0,6.300000000E1,1.113893700E1,4.396382809E0
2.745818827E2,5.235641608E1,4.866191460E0,4.253920855E0,5.960000038E0,7.050000000E1,1.124907875E1,4.644247532E0
2.755818604E2,5.235644175E1,4.866276770E0,4.711464661E0,6.730000019E0,6.650000000E1,1.192463398E1,5.632795334E0
2.765800954E2,5.235646274E1,4.866357900E0,4.976616660E0,6.280000210E0,6.650000000E1,1.308927345E1,7.108723164E0
2.775825387E2,5.235647671E1,4.866427580E0,5.409659897E0,5.059999943E0,7.440000153E1,1.394629860E1,8.340185165E0
2.785812730E2,5.235649503E1,4.866500620E0,5.330565195E0,5.480000019E0,6.790000153E1,1.489003468E1,9.652151108E0
2.795820760E2,5.235651528E1,4.866570950E0,4.992865689E0,5.289999962E0,6.240000153E1,1.614625740E1,1.095114136E1
2.805804603E2,5.235650431E1,4.866647650E0,4.000584921E0,5.070000172E0,7.390000153E1,1.799951935E1,1.093695164E1
2.815821682E2,5.235651019E1,4.866714840E0,3.917196885E0,4.710000038E0,7.419999695E1,2.090034103E1,1.143192196E1
2.825813968E2,5.235654464E1,4.866781600E0,4.220628579E0,5.230000019E0,5.609999847E1,1.708748055E1,1.107545948E1
2.835802705E2,5.235654385E1,4.866853250E0,3.223903654E0,4.860000134E0,6.190000153E1,1.595206356E1,1.069025803E1
2.845819945E2,5.235656172E1,4.866942030E0,2.523479508E0,6.400000095E0,6.630000305E1,1.526787853E1,1.000499725E1
2.855799178E2,5.235659239E1,4.867012130E0,2.706668555E0,5.559999943E0,6.220000076E1,1.482271767E1,9.466630936E0
2.865824681E2,5.235662922E1,4.867087680E0,3.179115018E0,6.019999981E0,5.629999924E1,1.428050709E1,8.910945892E0
2.875848421E2,5.235664349E1,4.867150170E0,1.784945062E0,5.440000057E0,6.500000000E1,1.417490292E1,8.521459579E0
2.885800650E2,5.235666327E1,4.867218200E0,1.882912518E0,5.699999809E0,6.619999695E1,1.416319656E1,8.068038940E0
2.895810313E2,5.235668027E1,4.867335270E0,1.464302785E0,6.469999790E0,6.950000000E1,1.456409836E1,7.816136837E0
2.905830938E2,5.235670044E1,4.867360580E0,2.294179745E0,4.139999866E0,6.229999924E1,1.452805042E1,7.568976402E0
2.915827754E2,5.235673794E1,4.867385470E0,3.751278111E0,4.440000057E0,5.320000076E1,1.385929489E1,6.991786480E0
2.925807079E2,5.235676069E1,4.867441790E0,3.278991529E0,4.510000229E0,5.629999924E1,1.367409515E1,6.585253716E0
2.935810182E2,5.235679542E1,4.867512500E0,2.364164185E0,4.840000153E0,5.140000153E1,1.428485584E1,6.749109745E0
2.945809707E2,5.235678387E1,4.867513370E0,1.275159179E0,2.420000076E0,3.620000076E1,1.297044754E1,6.293097973E0
2.955798251E2,5.235682518E1,4.867577530E0,3.406174718E0,4.039999962E0,4.240000153E1,1.302584839E1,6.312322140E0
2.965821157E2,5.235686664E1,4.867652160E0,3.821132055E0,4.769999981E0,3.990000153E1,1.251938820E1,6.195456028E0
2.975806152E2,5.235689655E1,4.867776880E0,3.516436508E0,5.800000191E0,5.840000153E1,1.189538479E1,5.755782604E0
2.985810093E2,5.235693135E1,4.867914310E0,3.992883103E0,6.199999809E0,5.870000076E1,1.154689121E1,5.312754154E0
2.995802300E2,5.235697940E1,4.868059400E0,3.107475321E0,6.309999943E0,5.129999924E1,1.165317440E1,5.428638935E0
3.005803879E2,5.235698294E1,4.868140900E0,2.593733368E0,6.860000134E0,6.079999924E1,1.140752316E1,5.319996834E0
3.015810148E2,5.235699131E1,4.868204000E0,3.442475391E0,5.429999828E0,5.929999924E1,1.179861927E1,5.690730572E0
3.025802851E2,5.235701572E1,4.868253760E0,4.105258169E0,4.360000134E0,5.250000000E1,1.212551689E1,5.841058254E0
3.035806528E2,5.235705915E1,4.868316160E0,6.179085744E0,5.429999828E0,4.350000000E1,1.198430729E1,5.781906605E0
3.045856138E2,5.235709242E1,4.868371410E0,6.311000367E0,5.460000038E0,4.450000000E1,1.199226665E1,5.624875546E0
3.055797655E2,5.235714733E1,4.868436210E0,8.590900170E0,4.860000134E0,3.850000000E1,1.191198158E1,5.407047272E0
3.065796390E2,5.235718205E1,4.868470490E0,1.032418413E1,4.610000134E0,3.120000076E1,1.212598038E1,5.302437782E0
3.075822634E2,5.235720911E1,4.868497900E0,9.885395251E0,4.579999924E0,3.879999924E1,1.258296967E1,5.176836967E0
3.085806645E2,5.235721249E1,4.868552940E0,9.500116816E0,4.329999924E0,5.609999847E1,1.345769024E1,5.202735901E0
3.095799847E2,5.235727160E1,4.868670880E0,8.300377896E0,6.519999981E0,4.950000000E1,1.384795952E1,5.200714588E0
3.105807677E2,5.235730304E1,4.868701050E0,9.154992766E0,4.670000076E0,4.229999924E1,1.225282860E1,5.167714119E0
3.115907605E2,5.235734285E1,4.868771250E0,9.685912039E0,4.659999847E0,4.920000076E1,1.222036839E1,5.286054134E0
3.125805699E2,5.235736744E1,4.868800690E0,1.041789722E1,4.090000153E0,3.829999924E1,1.174816418E1,5.125659466E0
3.135794542E2,5.235736327E1,4.868850420E0,1.083387463E1,2.460000038E0,5.309999847E1,1.138961887E1,5.035708427E0
3.145795014E2,5.235736301E1,4.868882820E0,9.450164930E0,3.119999886E0,5.420000076E1,1.124267197E1,4.743275642E0
3.155820490E2,5.235740738E1,4.868976030E0,1.005935097E1,5.969999790E0,5.200000000E1,1.107989216E1,4.693605900E0
3.165803151E2,5.235743882E1,4.869040980E0,1.193595856E1,5.199999809E0,5.379999924E1,1.130566597E1,4.716994286E0
3.175841146E2,5.235747333E1,4.869166900E0,1.274967841E1,6.530000210E0,6.270000076E1,1.197275066E1,4.947236538E0
3.185816667E2,5.235746812E1,4.869277030E0,1.350748608E1,5.099999905E0,8.450000000E1,1.111817360E1,4.925911427E0
3.195806155E2,5.235746790E1,4.869373150E0,1.295077853E1,5.320000172E0,9.300000000E1,1.111584091E1,5.223165989E0
3.205813705E2,5.235746161E1,4.869480060E0,1.391012090E1,5.300000191E0,1.030000000E2,1.109667778E1,5.479322433E0
3.215809299E2,5.235747165E1,4.869587350E0,1.250638834E1,5.420000076E0,9.900000000E1,1.103360748E1,5.580985546E0
3.225826973E2,5.235747874E1,4.869668830E0,1.324216310E1,4.739999771E0,8.919999695E1,1.085607910E1,5.403300762E0
3.235815304E2,5.235749354E1,4.869768370E0,1.305571792E1,5.019999981E0,8.569999695E1,1.075804520E1,5.255188942E0
3.245807982E2,5.235748699E1,4.869847340E0,1.229299791E1,5.010000229E0,9.059999847E1,1.069868851E1,5.127746582E0
3.255801040E2,5.235748096E1,4.869960280E0,1.075905800E1,5.360000134E0,9.559999847E1,1.068376541E1,5.072024345E0
3.265817123E2,5.235748260E1,4.870045810E0,1.285957352E1,5.079999924E0,9.430000305E1,1.096063137E1,5.349109173E0
3.275811823E2,5.235749196E1,4.870131740E0,1.197010990E1,5.639999866E0,8.150000000E1,1.104844284E1,5.218802452E0
3.285834144E2,5.235750679E1,4.870198450E0,1.350294514E1,4.900000095E0,7.300000000E1,1.075588131E1,4.929971218E0
3.295825279E2,5.235752436E1,4.870271050E0,1.400984769E1,5.099999905E0,7.409999847E1,1.079968739E1,4.763319492E0
3.305820982E2,5.235752938E1,4.870345300E0,1.461438978E1,5.380000114E0,7.490000153E1,1.110985756E1,4.781879425E0
3.315802841E2,5.235753833E1,4.870418500E0,1.434234989E1,5.039999962E0,7.119999695E1,1.136274815E1,4.706517220E0
3.325832938E2,5.235756910E1,4.870497620E0,1.448812976E1,5.780000210E0,6.480000305E1,1.122800827E1,4.706794262E0
3.335844423E2,5.235759537E1,4.870572750E0,1.349284876E1,5.519999981E0,6.229999924E1,1.106191063E1,4.715517521E0
3.345813392E2,5.235761548E1,4.870639540E0,1.190471980E1,5.489999771E0,6.279999924E1,1.107251644E1,4.525582314E0
3.355822782E2,5.235764320E1,4.870704310E0,1.284186894E1,5.710000038E0,5.790000153E1,1.100335693E1,4.390447617E0
3.365806870E2,5.235765209E1,4.870785620E0,1.271113003E1,5.079999924E0,4.870000076E1,1.119110012E1,4.677416801E0
3.375796936E2,5.235766381E1,4.870863290E0,1.130286614E1,5.449999809E0,6.159999847E1,1.115733147E1,4.576100826E0
3.385811887E2,5.235770670E1,4.870916270E0,1.184726861E1,6.590000153E0,3.940000153E1,1.130233479E1,4.731588364E0
3.395811294E2,5.235774130E1,4.870975160E0,1.217279075E1,5.789999962E0,4.009999847E1,1.156249428E1,4.812939167E0
3.405807628E2,5.235773419E1,4.871049260E0,8.861116949E0,5.500000000E0,5.740000153E1,1.200097275E1,4.981631756E0
3.415798857E2,5.235776504E1,4.871107870E0,9.306994975E0,5.349999905E0,5.440000153E1,1.279673100E1,5.296175003E0
3.425834535E2,5.235779699E1,4.871169150E0,9.801887321E0,5.269999981E0,5.009999847E1,1.362270832E1,5.406697750E0
3.435821516E2,5.235781240E1,4.871225910E0,8.604920280E0,4.809999943E0,5.290000153E1,1.396149826E1,5.343726158E0
3.445815662E2,5.235782237E1,4.871260820E0,8.672764516E0,5.320000172E0,4.759999847E1,1.265837002E1,5.174526691E0
3.455795873E2,5.235784508E1,4.871354940E0,6.688536828E0,5.000000000E0,6.109999847E1,1.258037853E1,5.210953712E0
3.465824637E2,5.235788827E1,4.871440960E0,7.503832811E0,6.429999828E0,5.370000076E1,1.250408363E1,5.168722630E0
3.475837592E2,5.235790739E1,4.871542330E0,6.441540289E0,6.110000134E0,6.220000076E1,1.222392559E1,4.875076294E0
3.485802402E2,5.235794510E1,4.871614990E0,6.319503956E0,5.619999886E0,5.340000153E1,1.247377396E1,4.877842426E0
3.495803643E2,5.235797095E1,4.871697940E0,5.658821611E0,5.400000095E0,5.379999924E1,1.270740223E1,4.897235870E0
3.505809264E2,5.235800080E1,4.871763140E0,7.323574108E0,6.369999886E0,5.520000076E1,1.195686722E1,4.752620697E0
3.515829272E2,5.235804107E1,4.871844020E0,7.001533918E0,5.710000038E0,6.850000000E1,1.146338558E1,4.755294323E0
3.525814347E2,5.235806702E1,4.871953840E0,5.078538120E0,5.840000153E0,6.430000305E1,1.161083126E1,5.077043056E0
3.535829590E2,5.235808468E1,4.872012140E0,5.162642036E0,5.219999790E0,6.480000305E1,1.145324707E1,5.175178051E0
3.545801782E2,5.235810306E1,4.872088270E0,5.287345633E0,4.989999771E0,6.279999924E1,1.167499542E1,5.416712761E0
3.555809474E2,5.235809785E1,4.872146510E0,4.222430499E0,4.570000172E0,6.869999695E1,1.228284645E1,5.552109241E0
3.565823218E2,5.235812734E1,4.872222120E0,3.664654322E0,5.880000114E0,6.559999847E1,1.286304951E1,5.623602390E0
3.575819694E2,5.235814801E1,4.872303740E0,3.694881890E0,5.800000191E0,6.459999847E1,1.345058632E1,5.678710938E0
3.585820197E2,5.235817575E1,4.872356390E0,3.769902502E0,5.420000076E0,5.950000000E1,1.443842030E1,5.661979675E0
3.595798210E2,5.235818572E1,4.872419870E0,3.278620163E0,4.809999943E0,6.050000000E1,1.460688019E1,5.496570110E0
3.605809399E2,5.235824039E1,4.872546620E0,3.563316181E0,6.670000076E0,6.329999924E1,1.348263264E1,5.460565567E0
3.615825727E2,5.235824887E1,4.872615580E0,3.252515866E0,5.340000153E0,7.859999847E1,1.263797569E1,5.360395908E0
3.625806482E2,5.235823767E1,4.872689120E0,3.740884819E0,5.460000038E0,8.159999847E1,1.262646770E1,5.406112671E0
3.635823288E2,5.235824438E1,4.872786130E0,4.495955133E0,5.500000000E0,7.840000153E1,1.253940487E1,5.413815022E0
3.645830692E2,5.235824210E1,4.872869970E0,5.639188782E0,5.380000114E0,7.400000000E1,1.244309235E1,5.413311005E0
3.655807741E2,5.235826261E1,4.872958610E0,5.433275161E0,6.000000000E0,6.559999847E1,1.237604237E1,5.282104969E0
3.665799245E2,5.235828494E1,4.873011290E0,6.378771575E0,4.119999886E0,7.250000000E1,1.210542870E1,5.119637966E0
3.675816713E2,5.235826563E1,4.873072390E0,6.285945172E0,4.630000114E0,7.000000000E1,1.192998505E1,5.194744587E0
3.685794453E2,5.235827220E1,4.873110980E0,6.993801401E0,4.130000114E0,6.569999695E1,1.209122276E1,5.094254971E0
3.695798872E2,5.235830985E1,4.873184280E0,6.199768299E0,4.519999981E0,4.300000000E1,1.221581936E1,5.058669567E0
3.705803995E2,5.235832655E1,4.873235350E0,4.729667479E0,5.380000114E0,6.109999847E1,1.152204704E1,4.915472031E0
3.715813515E2,5.235835656E1,4.873326280E0,4.108058112E0,5.320000172E0,6.890000153E1,1.154198933E1,5.127635479E0
3.725797123E2,5.235838281E1,4.873408010E0,4.430285798E0,5.610000134E0,6.530000305E1,1.180265522E1,5.216970921E0
3.735820492E2,5.235840313E1,4.873465170E0,6.444446521E0,4.099999905E0,6.640000153E1,1.154103661E1,5.345578671E0
3.745869744E2,5.235843582E1,4.873536330E0,7.335219657E0,4.710000038E0,6.259999847E1,1.176748753E1,5.705434799E0
3.755818004E2,5.235845422E1,4.873581710E0,9.256719512E0,4.119999886E0,5.200000000E1,1.161215973E1,5.796603203E0
3.765825486E2,5.235846886E1,4.873647760E0,1.013409758E1,4.860000134E0,6.120000076E1,1.179271603E1,6.010704994E0
3.775817506E2,5.235848385E1,4.873723260E0,9.717170079E0,5.079999924E0,6.129999924E1,1.188696480E1,6.030025959E0
3.785809707E2,5.235851473E1,4.873800960E0,1.022171398E1,5.349999905E0,5.550000000E1,1.172379875E1,5.731668472E0
3.795805931E2,5.235851876E1,4.873872230E0,8.145039592E0,4.710000038E0,5.659999847E1,1.187997437E1,5.695776463E0
3.805816941E2,5.235853257E1,4.873927140E0,7.922190340E0,5.659999847E0,5.620000076E1,1.154509449E1,5.682242870E0
3.815814857E2,5.235857396E1,4.873991840E0,9.130537923E0,5.469999790E0,5.150000000E1,1.154524422E1,5.532762051E0
3.825807434E2,5.235862708E1,4.874067700E0,9.969279562E0,6.199999809E0,4.329999924E1,1.148127651E1,5.525558949E0
3.835812295E2,5.235863944E1,4.874093190E0,8.485852208E0,5.429999828E0,4.179999924E1,1.168918800E1,5.682179451E0
3.845818909E2,5.235867771E1,4.874151190E0,8.410988408E0,6.179999828E0,3.570000076E1,1.137153053E1,5.594890118E0
3.855814139E2,5.235870899E1,4.874224170E0,5.714114134E0,6.489999771E0,4.200000000E1,1.116560745E1,5.359633446E0
3.865804015E2,5.235876624E1,4.874291330E0,6.587402471E0,6.199999809E0,3.959999847E1,1.119395065E1,5.321444035E0
3.875813444E2,5.235880832E1,4.874329640E0,6.301778280E0,6.019999981E0,3.629999924E1,1.155807018E1,5.471182823E0
3.885802249E2,5.235883616E1,4.874351910E0,4.997325949E0,5.599999905E0,3.290000153E1,1.203046608E1,5.423896313E0
3.895812943E2,5.235888283E1,4.874411140E0,5.847706628E0,6.010000229E0,3.690000153E1,1.201022816E1,5.404970169E0
3.905814680E2,5.235892811E1,4.874425540E0,5.080994043E0,5.650000095E0,1.920000076E1,1.225547028E1,5.435336590E0
3.915817288E2,5.235897810E1,4.874482560E0,5.498272655E0,6.409999847E0,2.539999962E1,1.167444992E1,5.290821075E0
3.925809689E2,5.235902491E1,4.874499470E0,6.863460648E0,6.139999866E0,1.970000076E1,1.157708454E1,5.186897755E0
3.935818919E2,5.235906218E1,4.874515190E0,6.848202389E0,4.760000229E0,1.850000000E1,1.182447910E1,5.511604309E0
3.945812606E2,5.235909245E1,4.874517990E0,6.638529840E0,4.130000114E0,2.570000076E1,1.201965046E1,5.912120342E0
3.955799084E2,5.235913469E1,4.874548430E0,7.174861786E0,5.150000095E0,1.760000038E1,1.236577988E1,6.654335499E0
3.965799161E2,5.235917642E1,4.874552680E0,7.671749184E0,5.199999809E0,8.899999619E0,1.232261562E1,6.799417496E0
3.975822528E2,5.235922144E1,4.874583100E0,7.300126050E0,5.559999943E0,1.260000038E1,1.244406509E1,6.850928307E0
3.985812365E2,5.235926291E1,4.874594980E0,6.676961335E0,5.789999962E0,1.210000038E1,1.251495266E1,6.749254227E0
3.995816171E2,5.235931746E1,4.874623820E0,6.514029911E0,5.989999771E0,1.280000019E1,1.252596760E1,6.587045193E0
4.005821242E2,5.235936907E1,4.874668350E0,6.804899792E0,6.050000191E0,1.560000038E1,1.255625439E1,6.602920055E0
4.015809482E2,5.235943132E1,4.874727770E0,6.365812787E0,6.400000095E0,1.600000000E1,1.240239048E1,6.357176781E0
4.025803589E2,5.235947019E1,4.874742700E0,7.119660332E0,4.889999866E0,1.300000000E1,1.245375347E1,6.497830391E0
4.035802450E2,5.235952061E1,4.874789550E0,7.450141695E0,6.409999847E0,3.200000000E1,1.291348934E1,7.005327702E0
4.045800613E2,5.235956881E1,4.874818080E0,7.117035137E0,6.139999866E0,2.539999962E1,1.421857452E1,7.903142929E0
4.055797119E2,5.235961000E1,4.874845700E0,7.350141325E0,5.730000019E0,2.720000076E1,1.559482384E1,8.339475632E0
4.065821367E2,5.235964219E1,4.874831800E0,8.811909595E0,5.590000153E0,1.500000000E1,1.615839005E1,8.398517609E0
4.075815992E2,5.235965554E1,4.874873690E0,8.111391061E0,3.720000029E0,3.690000153E1,1.695824814E1,8.462490082E0
4.085808197E2,5.235973508E1,4.874974130E0,8.835254931E0,6.610000134E0,3.609999847E1,1.593610096E1,8.057079315E0
4.095806818E2,5.235976689E1,4.875030050E0,9.756840812E0,5.610000134E0,5.120000076E1,1.500113010E1,7.702227592E0
4.105808548E2,5.235982308E1,4.875081660E0,1.032360015E1,4.659999847E0,3.800000000E1,1.345853329E1,6.999848366E0
4.115804169E2,5.235983477E1,4.875118710E0,1.133792023E1,5.670000076E0,4.059999847E1,1.273518848E1,6.558075905E0
4.125813546E2,5.235990714E1,4.875262170E0,8.999909202E0,5.340000153E0,4.040000153E1,1.251842499E1,6.469203472E0
4.135824403E2,5.235995203E1,4.875310880E0,9.663879954E0,5.389999866E0,3.720000076E1,1.243531036E1,6.533515930E0
4.145812945E2,5.235998206E1,4.875360290E0,9.171763284E0,5.309999943E0,3.829999924E1,1.218062878E1,6.505669594E0
4.155811843E2,5.236002739E1,4.875440710E0,9.503843788E0,5.409999847E0,3.800000000E1,1.200887871E1,6.413482666E0
4.165803189E2,5.236005861E1,4.875500190E0,1.027052367E1,5.050000191E0,3.250000000E1,1.185394573E1,6.225408077E0
4.175795083E2,5.236008864E1,4.875548940E0,8.572351937E0,5.119999886E0,3.129999924E1,1.183986855E1,6.226185322E0
4.185814786E2,5.236012746E1,4.875606300E0,9.118460251E0,5.780000210E0,4.000000000E1,1.198721409E1,6.386276722E0
4.195802925E2,5.236016248E1,4.875641720E0,9.683288335E0,5.329999924E0,3.359999847E1,1.207491970E1,6.295159817E0
4.205795877E2,5.236020849E1,4.875693920E0,1.027450878E1,5.610000134E0,3.440000153E1,1.222392941E1,6.263013840E0
4.215794622E2,5.236024320E1,4.875756520E0,1.040533113E1,5.840000153E0,4.879999924E1,1.214453506E1,6.132380962E0
4.225798661E2,5.236025286E1,4.875827210E0,1.085466534E1,5.519999981E0,5.790000153E1,1.146350193E1,5.603785515E0
4.235804424E2,5.236026616E1,4.875899300E0,1.027763831E1,5.760000229E0,6.190000153E1,1.104465866E1,5.000382423E0
4.245822761E2,5.236028992E1,4.875974950E0,1.099274232E1,5.159999847E0,6.969999695E1,1.090270329E1,4.759706974E0
4.255805615E2,5.236031729E1,4.876044730E0,1.215670057E1,5.199999809E0,6.270000076E1,1.074535084E1,4.558890343E0
4.265817715E2,5.236033846E1,4.876126640E0,1.208793004E1,5.679999828E0,6.240000153E1,1.097211170E1,4.821955204E0
4.275819449E2,5.236036898E1,4.876200560E0,1.248572080E1,5.880000114E0,5.909999847E1,1.123471737E1,5.015687943E0
4.285806028E2,5.236037992E1,4.876265950E0,1.309142583E1,5.059999943E0,7.209999847E1,1.139421272E1,4.945083141E0
4.295797880E2,5.236039582E1,4.876362200E0,1.245051261E1,5.860000134E0,7.559999847E1,1.147010231E1,5.071051598E0
4.305828832E2,5.236039368E1,4.876429110E0,1.233879287E1,4.699999809E0,8.559999847E1,1.154311562E1,4.967713833E0
4.315818645E2,5.236042435E1,4.876514090E0,1.468208584E1,5.909999847E0,6.780000305E1,1.116678619E1,4.763436794E0
4.325815486E2,5.236042685E1,4.876593180E0,1.384345095E1,5.539999962E0,7.059999847E1,1.119808197E1,4.723773479E0
4.335806563E2,5.236044478E1,4.876676310E0,1.379689336E1,5.889999866E0,7.250000000E1,1.169305611E1,4.871126175E0
4.345813548E2,5.236046087E1,4.876757070E0,1.381997293E1,5.769999981E0,7.209999847E1,1.264337826E1,5.002605438E0
4.405817498E2,5.236053406E1,4.877232380E0,1.563974753E1,5.570000172E0,7.569999695E1,1.376076317E1,5.868499279E0
4.415864385E2,5.236057123E1,4.877285920E0,1.703881764E1,4.599999905E0,7.519999695E1,1.355378628E1,6.042315960E0
4.425798161E2,5.236055367E1,4.877410660E0,1.625450215E1,3.420000076E0,9.019999695E1,1.312353230E1,6.002799988E0
4.435807172E2,5.236057059E1,4.877488220E0,1.523394090E1,4.360000134E0,8.559999847E1,1.303959846E1,6.017113686E0
4.445812052E2,5.236060932E1,4.877590590E0,1.592588809E1,5.239999771E0,7.540000153E1,1.247545052E1,5.635558128E0
4.455796790E2,5.236059704E1,4.877625570E0,1.648692615E1,5.099999905E0,7.509999847E1,1.361386299E1,7.507873058E0
4.465815238E2,5.236062425E1,4.877684710E0,1.759020910E1,4.309999943E0,6.859999847E1,1.541892624E1,9.605482101E0
4.475820709E2,5.236066928E1,4.877708410E0,1.869532774E1,3.509999990E0,3.900000000E1,1.686440468E1,1.172222996E1
4.485812468E2,5.236068842E1,4.877748870E0,1.880438686E1,3.740000010E0,5.379999924E1,2.073085403E1,1.354228497E1
4.495807909E2,5.236068442E1,4.877810360E0,1.998691186E1,4.690000057E0,8.590000153E1,2.437527275E1,1.533039856E1
4.505822423E2,5.236069788E1,4.877853180E0,2.138417236E1,4.739999771E0,8.109999847E1,2.696445656E1,1.660150337E1
4.515809482E2,5.236071106E1,4.877910300E0,2.315412138E1,5.190000057E0,7.430000305E1,2.596264267E1,1.756560135E1
4.525818458E2,5.236071302E1,4.877958810E0,2.410117364E1,4.929999828E0,8.869999695E1,2.594023132E1,1.801725197E1
4.535803766E2,5.236072635E1,4.878035270E0,2.427335573E1,5.079999924E0,8.340000153E1,2.702296829E1,1.875410843E1
4.545814029E2,5.236073936E1,4.878130460E0,2.411131967E1,5.090000153E0,7.580000305E1,2.644597054E1,1.850020027E1
4.555809875E2,5.236074777E1,4.878249010E0,2.323188339E1,5.710000038E0,7.669999695E1,2.466329575E1,1.792057800E1
4.565816850E2,5.236073997E1,4.878339080E0,2.307012023E1,5.099999905E0,8.009999847E1,2.327845192E1,1.659264374E1
4.575815038E2,5.236075054E1,4.878434010E0,2.345349073E1,5.289999962E0,7.350000000E1,1.969535828E1,1.533761501E1
4.585805981E2,5.236076424E1,4.878524440E0,2.330695583E1,4.460000038E0,8.290000153E1,1.721418381E1,1.367636776E1
4.595824196E2,5.236077190E1,4.878597970E0,2.342517315E1,4.719999790E0,8.009999847E1,1.614748955E1,1.272130203E1
4.605808645E2,5.236079546E1,4.878654030E0,2.460535348E1,4.659999847E0,6.609999847E1,1.575348282E1,1.271303368E1
4.615829711E2,5.236081035E1,4.878738350E0,2.513703938E1,5.130000114E0,6.959999847E1,1.605303764E1,1.324971581E1
4.625803519E2,5.236082817E1,4.878817330E0,2.563033521E1,5.389999866E0,6.700000000E1,1.605712318E1,1.358290672E1
4.635801010E2,5.236085164E1,4.878895880E0,2.666001571E1,5.409999847E0,6.250000000E1,1.613051224E1,1.383832455E1
4.645820774E2,5.236086106E1,4.878961260E0,2.535373130E1,5.269999981E0,6.430000305E1,1.589517307E1,1.367895222E1
4.655805965E2,5.236087364E1,4.879042870E0,2.411954324E1,5.489999771E0,6.519999695E1,1.567564392E1,1.311013031E1
4.665800836E2,5.236088799E1,4.879136290E0,2.141643139E1,5.320000172E0,6.500000000E1,1.542734146E1,1.234885120E1
4.675869733E2,5.236091217E1,4.879203310E0,2.233923367E1,5.309999943E0,6.359999847E1,1.472229576E1,1.153353786E1
4.685819921E2,5.236096670E1,4.879315620E0,2.078914346E1,5.389999866E0,7.009999847E1,1.420566082E1,1.101317406E1
4.695819479E2,5.236099802E1,4.879401450E0,2.008623425E1,5.050000191E0,6.220000076E1,1.377727413E1,1.029314423E1
4.705814339E2,5.236100436E1,4.879467190E0,2.015158878E1,3.690000057E0,7.400000000E1,1.393524075E1,9.784505844E0
4.715811987E2,5.236100368E1,4.879549200E0,2.038021186E1,4.519999981E0,7.209999847E1,1.456756210E1,9.495111465E0
4.725816536E2,5.236100614E1,4.879586160E0,1.934337144E1,4.440000057E0,7.659999847E1,1.514535809E1,9.212414742E0
4.735822212E2,5.236102285E1,4.879650100E0,1.916533134E1,5.340000153E0,6.240000153E1,1.457095718E1,9.096953392E0
4.745816358E2,5.236102745E1,4.879704230E0,1.830532270E1,5.360000134E0,6.159999847E1,1.436796951E1,9.030971527E0
4.755801498E2,5.236104046E1,4.879808040E0,1.924357239E1,5.480000019E0,5.540000153E1,1.332386398E1,8.207518578E0
4.765801821E2,5.236108949E1,4.879881490E0,1.782431137E1,5.469999790E0,5.679999924E1,1.266983986E1,7.486712456E0
4.775807071E2,5.236110941E1,4.879962610E0,1.623875399E1,5.460000038E0,5.879999924E1,1.226176071E1,6.933299541E0
4.785808607E2,5.236109761E1,4.880050740E0,1.425337566E1,5.300000191E0,6.040000153E1,1.205625248E1,6.659951687E0
4.795822772E2,5.236112506E1,4.880134900E0,1.290898055E1,5.750000000E0,6.359999847E1,1.162839031E1,6.154833317E0
4.805828891E2,5.236115336E1,4.880213950E0,1.220545283E1,5.599999905E0,6.379999924E1,1.130474567E1,5.747251987E0
4.815846164E2,5.236117848E1,4.880287720E0,1.245833847E1,5.639999866E0,6.029999924E1,1.114430046E1,5.524547100E0
4.825807079E2,5.236121476E1,4.880351230E0,1.334587747E1,5.449999809E0,5.900000000E1,1.110753822E1,5.453295231E0
4.835806664E2,5.236124838E1,4.880432260E0,1.332711180E1,5.630000114E0,6.009999847E1,1.092580509E1,5.183867931E0
4.845816205E2,5.236127103E1,4.880495580E0,1.366922133E1,5.510000229E0,5.750000000E1,1.074096870E1,4.901247025E0
4.855902092E2,5.236128874E1,4.880574070E0,1.310087123E1,5.389999866E0,6.700000000E1,1.063197803E1,4.812500954E0
4.865819957E2,5.236132217E1,4.880665530E0,1.280354687E1,5.320000172E0,6.009999847E1,1.075754547E1,4.940582752E0
4.875834378E2,5.236134619E1,4.880731270E0,1.208468560E1,5.579999924E0,6.029999924E1,1.092115879E1,5.000207901E0
4.885827904E2,5.236138212E1,4.880793540E0,1.236236012E1,5.409999847E0,6.020000076E1,1.111681747E1,5.092013359E0
4.895811242E2,5.236139881E1,4.880859290E0,1.245861304E1,4.980000019E0,6.440000153E1,1.121539593E1,5.072438717E0
4.905810859E2,5.236140621E1,4.880919740E0,1.142075556E1,4.730000019E0,6.320000076E1,1.119204140E1,4.987760544E0
4.915807730E2,5.236140839E1,4.880977140E0,1.001374834E1,4.449999809E0,6.250000000E1,1.115129566E1,4.978546143E0
4.925807626E2,5.236141812E1,4.881032690E0,9.824646199E0,4.460000038E0,5.950000000E1,1.084691525E1,4.823536873E0
4.935794448E2,5.236143476E1,4.881080270E0,1.007335437E1,3.960000038E0,6.050000000E1,1.055307007E1,4.471243858E0
4.945807849E2,5.236145631E1,4.881132220E0,1.123808762E1,4.239999771E0,6.270000076E1,1.063007355E1,4.623204231E0
4.955813934E2,5.236148844E1,4.881200090E0,1.012196119E1,4.159999847E0,5.779999924E1,1.057796955E1,4.512226582E0
4.965804723E2,5.236151978E1,4.881283250E0,8.908308297E0,4.329999924E0,5.990000153E1,1.062388897E1,4.690698624E0
4.975804432E2,5.236153677E1,4.881334470E0,8.201513697E0,4.159999847E0,5.790000153E1,1.076159477E1,4.715672970E0
4.985820588E2,5.236155640E1,4.881387650E0,8.098727858E0,3.910000086E0,5.609999847E1,1.073340607E1,4.546006203E0
4.995803124E2,5.236157099E1,4.881408020E0,1.023810346E1,2.109999895E0,4.820000076E1,1.056189251E1,4.557802200E0
5.005852193E2,5.236159192E1,4.881435870E0,1.120494593E1,3.119999886E0,4.579999924E1,1.062237072E1,4.599900723E0
5.015813995E2,5.236160767E1,4.881461230E0,1.134615710E1,1.360000014E0,4.879999924E1,1.055838013E1,4.668439388E0
5.025812966E2,5.236162019E1,4.881485800E0,1.270824950E1,2.430000067E0,5.250000000E1,1.064395618E1,4.877923012E0
5.035806597E2,5.236163029E1,4.881513850E0,1.336568961E1,1.769999981E0,4.900000000E1,1.071015072E1,4.810881615E0
5.045800035E2,5.236163673E1,4.881535010E0,1.295317430E1,1.480000019E0,4.890000153E1,1.050666237E1,4.597082615E0
